Date,Regime,AccelZ,DivZ,SignalStrength
2020-05-01,FRAGILE_DIV,0.0,2.51,2.51
2020-05-04,FRAGILE_BOTH,1.437,1.7822,1.7822
2020-05-05,STABLE,0.0,0.8187,0.8187
2020-05-06,FRAGILE_ACCEL,1.5346,0.9157,1.5346
2020-05-07,STABLE,0.0,0.0,0.0
2020-05-08,STABLE,0.3844,0.1918,0.3844
2020-05-11,FRAGILE_DIV,0.1477,1.0894,1.0894
2020-05-12,STABLE,0.0,0.0704,0.0704
2020-05-13,STABLE,0.0,0.0,0.0
2020-05-14,FRAGILE_DIV,0.0,5.5778,5.5778
2020-05-15,STABLE,0.0,0.9894,0.9894
2020-05-18,STABLE,0.093,0.0,0.093
2020-05-19,FRAGILE_BOTH,3.4827,1.7023,3.4827
2020-05-20,STABLE,0.0,0.0,0.0
2020-05-21,FRAGILE_DIV,0.0,1.1246,1.1246
2020-05-22,STABLE,0.0,0.0,0.0
2020-05-25,FRAGILE_DIV,0.0,1.0919,1.0919
2020-05-26,STABLE,0.0,0.0,0.0
2020-05-27,STABLE,0.0,0.6663,0.6663
2020-05-28,FRAGILE_DIV,0.0,3.0773,3.0773
2020-05-29,FRAGILE_DIV,0.0,1.5608,1.5608
2020-06-01,FRAGILE_DIV,0.0,1.6005,1.6005
2020-06-02,STABLE,0.0,0.9505,0.9505
2020-06-03,FRAGILE_DIV,0.0,2.6225,2.6225
2020-06-04,STABLE,0.0,0.7712,0.7712
2020-06-05,STABLE,0.5136,0.566,0.566
2020-06-08,STABLE,0.0,0.4493,0.4493
2020-06-09,FRAGILE_ACCEL,1.1925,0.0,1.1925
2020-06-10,STABLE,0.8868,0.6771,0.8868
2020-06-11,FRAGILE_DIV,0.0,4.6648,4.6648
2020-06-12,FRAGILE_DIV,0.1871,1.839,1.839
2020-06-15,STABLE,0.0,0.0,0.0
2020-06-16,FRAGILE_DIV,0.9512,2.2567,2.2567
2020-06-17,FRAGILE_BOTH,2.5492,1.9236,2.5492
2020-06-18,STABLE,0.0,0.4316,0.4316
2020-06-19,STABLE,0.0,0.0,0.0
2020-06-22,STABLE,0.0,0.0,0.0
2020-06-23,STABLE,0.0,0.0,0.0
2020-06-24,FRAGILE_BOTH,2.3387,1.4883,2.3387
2020-06-25,STABLE,0.0,0.0,0.0
2020-06-26,FRAGILE_ACCEL,3.0518,0.0,3.0518
2020-06-29,FRAGILE_BOTH,1.201,1.6816,1.6816
2020-06-30,STABLE,0.0,0.0,0.0
2020-07-01,FRAGILE_DIV,0.0,3.2194,3.2194
2020-07-02,FRAGILE_DIV,0.0,1.8305,1.8305
2020-07-03,FRAGILE_BOTH,1.0754,1.5656,1.5656
2020-07-06,STABLE,0.0753,0.0,0.0753
2020-07-07,STABLE,0.9811,0.0,0.9811
2020-07-08,STABLE,0.0,0.0,0.0
2020-07-09,STABLE,0.0,0.0,0.0
2020-07-10,FRAGILE_BOTH,1.2989,1.0911,1.2989
2020-07-13,STABLE,0.4342,0.8684,0.8684
2020-07-14,STABLE,0.0,0.0,0.0
2020-07-15,STABLE,0.6382,0.0,0.6382
2020-07-16,STABLE,0.4843,0.7352,0.7352
2020-07-17,STABLE,0.0088,0.0875,0.0875
2020-07-20,FRAGILE_DIV,0.7434,2.49,2.49
2020-07-21,STABLE,0.5653,0.0,0.5653
2020-07-22,STABLE,0.0,0.0,0.0
2020-07-23,FRAGILE_DIV,0.0,1.0523,1.0523
2020-07-24,STABLE,0.0,0.0,0.0
2020-07-27,FRAGILE_DIV,0.0,1.5744,1.5744
2020-07-28,FRAGILE_ACCEL,1.2814,0.0,1.2814
2020-07-29,STABLE,0.2394,0.0,0.2394
2020-07-30,STABLE,0.2138,0.0,0.2138
2020-07-31,STABLE,0.0,0.0,0.0
2020-08-03,FRAGILE_BOTH,1.1707,1.5838,1.5838
2020-08-04,FRAGILE_DIV,0.0,1.0024,1.0024
2020-08-05,STABLE,0.0,0.0,0.0
2020-08-06,FRAGILE_DIV,0.0,2.1546,2.1546
2020-08-07,STABLE,0.0,0.0698,0.0698
2020-08-10,STABLE,0.4261,0.0,0.4261
2020-08-11,FRAGILE_DIV,0.0,4.5789,4.5789
2020-08-12,FRAGILE_ACCEL,1.3403,0.0375,1.3403
2020-08-13,STABLE,0.0,0.0,0.0
2020-08-14,FRAGILE_DIV,0.0,1.0681,1.0681
2020-08-17,FRAGILE_ACCEL,2.52,0.0,2.52
2020-08-18,STABLE,0.0,0.4376,0.4376
2020-08-19,FRAGILE_ACCEL,1.7485,0.0,1.7485
2020-08-20,FRAGILE_DIV,0.9236,1.5711,1.5711
2020-08-21,FRAGILE_DIV,0.0,2.1087,2.1087
2020-08-24,STABLE,0.8557,0.0,0.8557
2020-08-25,STABLE,0.0397,0.2018,0.2018
2020-08-26,STABLE,0.0,0.7177,0.7177
2020-08-27,FRAGILE_DIV,0.6067,3.0774,3.0774
2020-08-28,STABLE,0.6038,0.1517,0.6038
2020-08-31,FRAGILE_ACCEL,1.2985,0.2832,1.2985
2020-09-01,FRAGILE_DIV,0.0,2.3282,2.3282
2020-09-02,STABLE,0.0,0.2251,0.2251
2020-09-03,STABLE,0.0,0.0,0.0
2020-09-04,STABLE,0.0,0.3597,0.3597
2020-09-07,STABLE,0.0,0.9111,0.9111
2020-09-08,STABLE,0.0,0.633,0.633
2020-09-09,STABLE,0.2937,0.0,0.2937
2020-09-10,FRAGILE_BOTH,4.0403,1.0098,4.0403
2020-09-11,FRAGILE_ACCEL,2.2805,0.0,2.2805
2020-09-14,STABLE,0.0,0.0,0.0
2020-09-15,STABLE,0.0,0.9479,0.9479
2020-09-16,FRAGILE_BOTH,1.9021,4.727,4.727
2020-09-17,STABLE,0.0958,0.1202,0.1202
2020-09-18,STABLE,0.0,0.0,0.0
2020-09-21,STABLE,0.0,0.8925,0.8925
2020-09-22,STABLE,0.0,0.0,0.0
2020-09-23,STABLE,0.9846,0.8417,0.9846
2020-09-24,STABLE,0.0,0.0,0.0
2020-09-25,STABLE,0.6172,0.0,0.6172
2020-09-28,STABLE,0.0,0.0,0.0
2020-09-29,STABLE,0.0,0.2516,0.2516
2020-09-30,STABLE,0.0,0.5718,0.5718
2020-10-01,FRAGILE_DIV,0.0,1.3753,1.3753
2020-10-02,FRAGILE_DIV,0.0,3.0591,3.0591
2020-10-05,FRAGILE_ACCEL,1.2263,0.3096,1.2263
2020-10-06,STABLE,0.0095,0.1693,0.1693
2020-10-07,STABLE,0.555,0.0,0.555
2020-10-08,FRAGILE_DIV,0.4529,5.363,5.363
2020-10-09,FRAGILE_DIV,0.0,1.5431,1.5431
2020-10-12,STABLE,0.0,0.7698,0.7698
2020-10-13,STABLE,0.0,0.0,0.0
2020-10-14,FRAGILE_ACCEL,1.8598,0.0,1.8598
2020-10-15,STABLE,0.0,0.0,0.0
2020-10-16,FRAGILE_DIV,0.0,3.2608,3.2608
2020-10-19,STABLE,0.8149,0.329,0.8149
2020-10-20,STABLE,0.0,0.4369,0.4369
2020-10-21,STABLE,0.7635,0.7818,0.7818
2020-10-22,STABLE,0.2425,0.0,0.2425
2020-10-26,STABLE,0.0,0.0,0.0
2020-10-27,STABLE,0.0,0.0,0.0
2020-10-28,STABLE,0.0,0.0,0.0
2020-10-29,FRAGILE_BOTH,1.7575,1.7653,1.7653
2020-10-30,FRAGILE_BOTH,1.5708,1.6902,1.6902
2020-11-02,STABLE,0.2624,0.0,0.2624
2020-11-03,STABLE,0.0,0.0,0.0
2020-11-04,STABLE,0.0,0.0,0.0
2020-11-05,FRAGILE_DIV,0.0,1.5214,1.5214
2020-11-06,STABLE,0.0,0.8217,0.8217
2020-11-09,FRAGILE_DIV,0.0,1.3725,1.3725
2020-11-10,FRAGILE_DIV,0.0,3.7095,3.7095
2020-11-11,FRAGILE_DIV,0.0,1.3951,1.3951
2020-11-12,STABLE,0.2908,0.0,0.2908
2020-11-13,FRAGILE_BOTH,1.6884,5.1169,5.1169
2020-11-16,STABLE,0.0,0.0,0.0
2020-11-17,FRAGILE_DIV,0.0,1.151,1.151
2020-11-18,FRAGILE_DIV,0.0,2.644,2.644
2020-11-19,STABLE,0.0,0.29,0.29
2020-11-20,STABLE,0.0,0.3023,0.3023
2020-11-23,STABLE,0.0,0.0,0.0
2020-11-24,STABLE,0.0,0.9865,0.9865
2020-11-25,FRAGILE_BOTH,1.9183,5.2965,5.2965
2020-11-26,STABLE,0.0,0.0,0.0
2020-11-27,FRAGILE_BOTH,1.4928,1.0951,1.4928
2020-11-30,FRAGILE_DIV,0.0,3.3419,3.3419
2020-12-01,FRAGILE_BOTH,1.1122,3.2957,3.2957
2020-12-02,STABLE,0.4421,0.5223,0.5223
2020-12-03,STABLE,0.2584,0.4595,0.4595
2020-12-04,STABLE,0.0,0.7434,0.7434
2020-12-07,FRAGILE_BOTH,2.7008,2.7008,2.7008
2020-12-08,FRAGILE_BOTH,1.9874,1.0319,1.9874
2020-12-09,FRAGILE_BOTH,1.9506,5.493,5.493
2020-12-10,STABLE,0.0153,0.0,0.0153
2020-12-11,STABLE,0.0,0.5017,0.5017
2020-12-14,FRAGILE_DIV,0.0,3.8578,3.8578
2020-12-15,STABLE,0.0,0.0658,0.0658
2020-12-16,FRAGILE_DIV,0.3758,2.6902,2.6902
2020-12-17,FRAGILE_DIV,0.0,3.7414,3.7414
2020-12-18,STABLE,0.0,0.0,0.0
2020-12-21,STABLE,0.7694,0.087,0.7694
2020-12-22,STABLE,0.0,0.2487,0.2487
2020-12-23,STABLE,0.0,0.7696,0.7696
2020-12-24,FRAGILE_BOTH,4.4322,2.1967,4.4322
2020-12-28,FRAGILE_BOTH,1.6284,4.1284,4.1284
2020-12-29,FRAGILE_DIV,0.208,8.2786,8.2786
2020-12-30,FRAGILE_DIV,0.0,3.5717,3.5717
2020-12-31,FRAGILE_BOTH,1.1726,1.6741,1.6741
2021-01-04,STABLE,0.0,0.0,0.0
2021-01-05,FRAGILE_ACCEL,1.9748,0.0,1.9748
2021-01-06,STABLE,0.0,0.0,0.0
2021-01-07,FRAGILE_DIV,0.0,2.6761,2.6761
2021-01-08,FRAGILE_DIV,0.6279,1.6147,1.6147
2021-01-11,FRAGILE_ACCEL,2.3869,0.0,2.3869
2021-01-12,FRAGILE_DIV,0.6155,1.3047,1.3047
2021-01-13,FRAGILE_DIV,0.0,2.8695,2.8695
2021-01-14,STABLE,0.0,0.4449,0.4449
2021-01-15,STABLE,0.0,0.0,0.0
2021-01-18,STABLE,0.6586,0.0,0.6586
2021-01-19,FRAGILE_BOTH,5.225,2.8513,5.225
2021-01-20,STABLE,0.0,0.5808,0.5808
2021-01-21,STABLE,0.8787,0.0,0.8787
2021-01-22,FRAGILE_DIV,0.0,1.2021,1.2021
2021-01-25,STABLE,0.0,0.3859,0.3859
2021-01-26,STABLE,0.4603,0.0,0.4603
2021-01-27,FRAGILE_BOTH,1.8596,1.0989,1.8596
2021-01-28,STABLE,0.0,0.7564,0.7564
2021-01-29,STABLE,0.0,0.8451,0.8451
2021-02-01,STABLE,0.0,0.9263,0.9263
2021-02-02,STABLE,0.1448,0.0,0.1448
2021-02-03,STABLE,0.0,0.951,0.951
2021-02-04,STABLE,0.0,0.0145,0.0145
2021-02-05,FRAGILE_DIV,0.0,1.6048,1.6048
2021-02-08,FRAGILE_BOTH,1.7166,1.9748,1.9748
2021-02-09,STABLE,0.0,0.8181,0.8181
2021-02-10,STABLE,0.056,0.0,0.056
2021-02-11,FRAGILE_ACCEL,1.7886,0.2771,1.7886
2021-02-12,STABLE,0.0,0.0,0.0
2021-02-15,FRAGILE_DIV,0.0,2.7842,2.7842
2021-02-16,FRAGILE_DIV,0.0,2.7349,2.7349
2021-02-17,STABLE,0.0,0.3279,0.3279
2021-02-18,FRAGILE_DIV,0.0,1.5195,1.5195
2021-02-19,FRAGILE_DIV,0.0,1.3628,1.3628
2021-02-22,FRAGILE_DIV,0.0496,2.2784,2.2784
2021-02-23,STABLE,0.0,0.0,0.0
2021-02-24,STABLE,0.0,0.0,0.0
2021-02-25,STABLE,0.0,0.0,0.0
2021-02-26,FRAGILE_ACCEL,1.6061,0.0,1.6061
2021-03-01,FRAGILE_DIV,0.0,2.2764,2.2764
2021-03-02,STABLE,0.0,0.8345,0.8345
2021-03-03,FRAGILE_DIV,0.0,3.2354,3.2354
2021-03-04,STABLE,0.0,0.0,0.0
2021-03-05,STABLE,0.0,0.0,0.0
2021-03-08,FRAGILE_ACCEL,1.3752,0.0,1.3752
2021-03-09,FRAGILE_DIV,0.0,1.5458,1.5458
2021-03-10,STABLE,0.0,0.0,0.0
2021-03-11,STABLE,0.0,0.7618,0.7618
2021-03-12,FRAGILE_DIV,0.8258,1.4211,1.4211
2021-03-15,FRAGILE_DIV,0.0,2.9715,2.9715
2021-03-16,STABLE,0.0,0.9532,0.9532
2021-03-17,STABLE,0.0,0.9528,0.9528
2021-03-18,STABLE,0.0,0.0,0.0
2021-03-19,STABLE,0.0,0.0,0.0
2021-03-22,STABLE,0.9483,0.172,0.9483
2021-03-23,STABLE,0.0,0.0,0.0
2021-03-24,FRAGILE_ACCEL,1.6131,0.0,1.6131
2021-03-25,STABLE,0.0,0.0,0.0
2021-03-26,FRAGILE_DIV,0.0,1.6012,1.6012
2021-03-29,STABLE,0.0285,0.0,0.0285
2021-03-30,FRAGILE_BOTH,2.8054,4.3744,4.3744
2021-03-31,FRAGILE_DIV,0.0,4.2931,4.2931
2021-04-01,FRAGILE_DIV,0.0,3.1738,3.1738
2021-04-05,FRAGILE_DIV,0.0,2.7695,2.7695
2021-04-06,FRAGILE_DIV,0.0,1.271,1.271
2021-04-07,FRAGILE_BOTH,1.2283,1.812,1.812
2021-04-08,FRAGILE_BOTH,2.9471,2.7575,2.9471
2021-04-09,FRAGILE_BOTH,5.2687,1.5177,5.2687
2021-04-12,FRAGILE_DIV,0.0,3.1471,3.1471
2021-04-13,FRAGILE_DIV,0.0,2.6356,2.6356
2021-04-14,FRAGILE_DIV,0.8268,5.2487,5.2487
2021-04-15,FRAGILE_DIV,0.0,3.6511,3.6511
2021-04-16,FRAGILE_ACCEL,1.974,0.0,1.974
2021-04-19,FRAGILE_DIV,0.0,3.6302,3.6302
2021-04-20,STABLE,0.0,0.0,0.0
2021-04-21,FRAGILE_DIV,0.0,3.4453,3.4453
2021-04-22,FRAGILE_DIV,0.0,4.5969,4.5969
2021-04-23,STABLE,0.0,0.0,0.0
2021-04-26,FRAGILE_DIV,0.0,3.7206,3.7206
2021-04-27,FRAGILE_DIV,0.0,3.0348,3.0348
2021-04-28,FRAGILE_BOTH,3.5133,1.7408,3.5133
2021-04-29,STABLE,0.0,0.0,0.0
2021-04-30,STABLE,0.0,0.9751,0.9751
2021-05-03,FRAGILE_ACCEL,2.3722,0.4284,2.3722
2021-05-04,FRAGILE_BOTH,2.2111,1.4386,2.2111
2021-05-05,STABLE,0.3006,0.5084,0.5084
2021-05-06,STABLE,0.5244,0.4952,0.5244
2021-05-07,FRAGILE_DIV,0.5157,2.8571,2.8571
2021-05-10,FRAGILE_BOTH,1.7471,1.0708,1.7471
2021-05-11,FRAGILE_DIV,0.0,1.4596,1.4596
2021-05-12,STABLE,0.0,0.9415,0.9415
2021-05-13,STABLE,0.0,0.6893,0.6893
2021-05-14,FRAGILE_BOTH,2.7079,1.947,2.7079
2021-05-17,FRAGILE_ACCEL,2.1663,0.6539,2.1663
2021-05-18,FRAGILE_BOTH,2.466,1.1194,2.466
2021-05-19,FRAGILE_DIV,0.0,1.0451,1.0451
2021-05-20,STABLE,0.5768,0.6937,0.6937
2021-05-21,FRAGILE_ACCEL,1.4261,0.6195,1.4261
2021-05-24,FRAGILE_DIV,0.0,1.3044,1.3044
2021-05-25,STABLE,0.9181,0.4477,0.9181
2021-05-26,FRAGILE_DIV,0.0,2.1505,2.1505
2021-05-27,FRAGILE_BOTH,1.1999,1.5335,1.5335
2021-05-28,FRAGILE_BOTH,3.7001,2.813,3.7001
2021-05-31,STABLE,0.5537,0.0,0.5537
2021-06-01,FRAGILE_DIV,0.0,2.7456,2.7456
2021-06-02,STABLE,0.8392,0.212,0.8392
2021-06-03,STABLE,0.0,0.7155,0.7155
2021-06-04,FRAGILE_DIV,0.0,2.795,2.795
2021-06-07,FRAGILE_ACCEL,1.4027,0.0,1.4027
2021-06-08,FRAGILE_ACCEL,3.7146,0.0,3.7146
2021-06-09,FRAGILE_BOTH,2.3649,2.2667,2.3649
2021-06-10,STABLE,0.8164,0.0,0.8164
2021-06-11,FRAGILE_DIV,0.0,2.0179,2.0179
2021-06-14,FRAGILE_BOTH,3.2542,1.319,3.2542
2021-06-15,FRAGILE_BOTH,3.8711,2.3683,3.8711
2021-06-16,FRAGILE_DIV,0.9422,2.9588,2.9588
2021-06-17,FRAGILE_ACCEL,1.2801,0.0,1.2801
2021-06-18,STABLE,0.1954,0.0,0.1954
2021-06-21,STABLE,0.3101,0.4997,0.4997
2021-06-22,FRAGILE_DIV,0.0,1.4345,1.4345
2021-06-23,FRAGILE_ACCEL,1.5446,0.4003,1.5446
2021-06-24,FRAGILE_BOTH,1.213,2.8457,2.8457
2021-06-25,FRAGILE_DIV,0.2285,3.562,3.562
2021-06-28,FRAGILE_ACCEL,1.7493,0.8076,1.7493
2021-06-29,FRAGILE_BOTH,2.7257,6.7247,6.7247
2021-06-30,FRAGILE_ACCEL,2.8803,0.0,2.8803
2021-07-01,STABLE,0.0,0.5846,0.5846
2021-07-02,STABLE,0.5121,0.6602,0.6602
2021-07-05,STABLE,0.0177,0.0,0.0177
2021-07-06,FRAGILE_DIV,0.0,2.8165,2.8165
2021-07-07,STABLE,0.0,0.28,0.28
2021-07-08,STABLE,0.0,0.0847,0.0847
2021-07-09,STABLE,0.7212,0.4729,0.7212
2021-07-12,STABLE,0.4117,0.0,0.4117
2021-07-13,FRAGILE_BOTH,2.1626,2.2698,2.2698
2021-07-14,STABLE,0.0,0.4614,0.4614
2021-07-15,STABLE,0.3161,0.0,0.3161
2021-07-16,STABLE,0.0,0.7379,0.7379
2021-07-19,STABLE,0.0,0.3546,0.3546
2021-07-20,STABLE,0.0,0.0459,0.0459
2021-07-21,FRAGILE_BOTH,2.5081,1.0822,2.5081
2021-07-22,FRAGILE_ACCEL,2.2193,0.4942,2.2193
2021-07-23,FRAGILE_DIV,0.0,3.9339,3.9339
2021-07-26,STABLE,0.7406,0.0,0.7406
2021-07-27,STABLE,0.0638,0.0,0.0638
2021-07-28,FRAGILE_DIV,0.0,1.4206,1.4206
2021-07-29,STABLE,0.5125,0.0806,0.5125
2021-07-30,FRAGILE_DIV,0.0,2.362,2.362
2021-08-02,STABLE,0.0,0.3296,0.3296
2021-08-03,STABLE,0.0,0.1825,0.1825
2021-08-04,FRAGILE_DIV,0.0,1.1889,1.1889
2021-08-05,STABLE,0.6718,0.4715,0.6718
2021-08-06,STABLE,0.2772,0.9819,0.9819
2021-08-09,STABLE,0.8779,0.7185,0.8779
2021-08-10,FRAGILE_BOTH,1.5818,1.8353,1.8353
2021-08-11,FRAGILE_BOTH,2.4897,2.3928,2.4897
2021-08-12,FRAGILE_DIV,0.0,2.2856,2.2856
2021-08-13,FRAGILE_DIV,0.6075,1.2231,1.2231
2021-08-16,STABLE,0.0,0.0897,0.0897
2021-08-17,STABLE,0.0,0.7208,0.7208
2021-08-18,FRAGILE_DIV,0.0,2.0882,2.0882
2021-08-19,FRAGILE_BOTH,1.0251,1.3654,1.3654
2021-08-20,FRAGILE_DIV,0.1145,1.192,1.192
2021-08-23,STABLE,0.7243,0.256,0.7243
2021-08-24,STABLE,0.3709,0.7581,0.7581
2021-08-25,FRAGILE_BOTH,1.0165,2.1363,2.1363
2021-08-26,FRAGILE_DIV,0.1427,1.0389,1.0389
2021-08-27,STABLE,0.0,0.8603,0.8603
2021-08-30,STABLE,0.3963,0.4855,0.4855
2021-08-31,FRAGILE_DIV,0.0286,1.3214,1.3214
2021-09-01,FRAGILE_DIV,0.0,2.7715,2.7715
2021-09-02,FRAGILE_DIV,0.0,3.6672,3.6672
2021-09-03,FRAGILE_BOTH,2.9963,1.1198,2.9963
2021-09-06,FRAGILE_DIV,0.0,3.2439,3.2439
2021-09-07,FRAGILE_ACCEL,1.9621,0.7366,1.9621
2021-09-08,STABLE,0.4233,0.0,0.4233
2021-09-09,STABLE,0.0,0.331,0.331
2021-09-10,FRAGILE_ACCEL,1.5214,0.0,1.5214
2021-09-13,STABLE,0.0,0.0,0.0
2021-09-14,STABLE,0.0868,0.3643,0.3643
2021-09-15,STABLE,0.0,0.4779,0.4779
2021-09-16,STABLE,0.0,0.0,0.0
2021-09-17,STABLE,0.2356,0.0,0.2356
2021-09-20,STABLE,0.0,0.7769,0.7769
2021-09-21,STABLE,0.235,0.0,0.235
2021-09-22,STABLE,0.0,0.0,0.0
2021-09-23,STABLE,0.0,0.0,0.0
2021-09-24,STABLE,0.0,0.2516,0.2516
2021-09-27,STABLE,0.0,0.0,0.0
2021-09-28,STABLE,0.0,0.0,0.0
2021-09-29,STABLE,0.2883,0.0,0.2883
2021-09-30,STABLE,0.0,0.0,0.0
2021-10-01,FRAGILE_DIV,0.0,2.0614,2.0614
2021-10-04,FRAGILE_DIV,0.0,1.0128,1.0128
2021-10-05,STABLE,0.0,0.8384,0.8384
2021-10-06,STABLE,0.0,0.8703,0.8703
2021-10-07,FRAGILE_DIV,0.3049,1.773,1.773
2021-10-08,FRAGILE_ACCEL,1.4081,0.0,1.4081
2021-10-11,STABLE,0.9411,0.7878,0.9411
2021-10-12,FRAGILE_DIV,0.0356,1.3335,1.3335
2021-10-13,FRAGILE_BOTH,1.0209,1.0616,1.0616
2021-10-14,STABLE,0.0,0.0112,0.0112
2021-10-15,STABLE,0.7287,0.0,0.7287
2021-10-18,STABLE,0.18,0.2309,0.2309
2021-10-19,STABLE,0.7195,0.7462,0.7462
2021-10-20,FRAGILE_ACCEL,1.1914,0.9974,1.1914
2021-10-21,STABLE,0.7702,0.3611,0.7702
2021-10-22,STABLE,0.0931,0.4596,0.4596
2021-10-25,STABLE,0.0,0.0,0.0
2021-10-26,STABLE,0.5077,0.5619,0.5619
2021-10-27,STABLE,0.0,0.0,0.0
2021-10-28,STABLE,0.0,0.6252,0.6252
2021-10-29,STABLE,0.0,0.1967,0.1967
2021-11-01,FRAGILE_DIV,0.0,2.4413,2.4413
2021-11-02,STABLE,0.5665,0.0266,0.5665
2021-11-03,STABLE,0.0797,0.804,0.804
2021-11-04,STABLE,0.8362,0.8161,0.8362
2021-11-05,STABLE,0.9205,0.6078,0.9205
2021-11-08,STABLE,0.0,0.4679,0.4679
2021-11-09,FRAGILE_ACCEL,2.8943,0.8704,2.8943
2021-11-10,STABLE,0.5558,0.4755,0.5558
2021-11-11,FRAGILE_DIV,0.0721,3.0654,3.0654
2021-11-12,FRAGILE_DIV,0.0,1.5513,1.5513
2021-11-15,FRAGILE_BOTH,2.0747,3.3293,3.3293
2021-11-16,STABLE,0.0,0.2303,0.2303
2021-11-17,STABLE,0.2583,0.6186,0.6186
2021-11-18,FRAGILE_DIV,0.716,2.9517,2.9517
2021-11-19,FRAGILE_BOTH,1.4594,2.8136,2.8136
2021-11-22,FRAGILE_ACCEL,1.2534,0.9377,1.2534
2021-11-23,STABLE,0.1379,0.9044,0.9044
2021-11-24,FRAGILE_DIV,0.0,1.0621,1.0621
2021-11-25,STABLE,0.0,0.0,0.0
2021-11-26,STABLE,0.0,0.0,0.0
2021-11-29,FRAGILE_DIV,0.0577,1.0917,1.0917
2021-11-30,STABLE,0.0,0.374,0.374
2021-12-01,STABLE,0.0,0.9058,0.9058
2021-12-02,STABLE,0.0,0.0,0.0
2021-12-03,STABLE,0.2782,0.0,0.2782
2021-12-06,STABLE,0.0,0.0,0.0
2021-12-07,FRAGILE_DIV,0.0,2.3247,2.3247
2021-12-08,STABLE,0.0,0.5848,0.5848
2021-12-09,FRAGILE_ACCEL,2.2154,0.9312,2.2154
2021-12-10,FRAGILE_DIV,0.0,1.0007,1.0007
2021-12-13,FRAGILE_DIV,0.0,1.1603,1.1603
2021-12-14,STABLE,0.0,0.5539,0.5539
2021-12-15,STABLE,0.0,0.7573,0.7573
2021-12-16,STABLE,0.0,0.9805,0.9805
2021-12-17,STABLE,0.0,0.543,0.543
2021-12-20,STABLE,0.0,0.2874,0.2874
2021-12-21,FRAGILE_DIV,0.0,2.0181,2.0181
2021-12-22,STABLE,0.0,0.8535,0.8535
2021-12-23,FRAGILE_DIV,0.0,1.2021,1.2021
2021-12-27,FRAGILE_BOTH,2.2633,1.7931,2.2633
2021-12-28,STABLE,0.4146,0.7298,0.7298
2021-12-29,FRAGILE_DIV,0.0,1.2818,1.2818
2021-12-30,FRAGILE_BOTH,3.6724,3.4878,3.6724
2021-12-31,STABLE,0.0,0.1509,0.1509
2022-01-03,STABLE,0.0,0.6663,0.6663
2022-01-04,STABLE,0.5584,0.9684,0.9684
2022-01-05,FRAGILE_DIV,0.994,1.2659,1.2659
2022-01-06,FRAGILE_DIV,0.0877,2.5029,2.5029
2022-01-07,FRAGILE_DIV,0.0,1.0335,1.0335
2022-01-10,STABLE,0.0,0.165,0.165
2022-01-11,STABLE,0.272,0.8343,0.8343
2022-01-12,STABLE,0.5846,0.7728,0.7728
2022-01-13,FRAGILE_BOTH,1.1919,1.8145,1.8145
2022-01-14,FRAGILE_ACCEL,1.0062,0.0,1.0062
2022-01-17,FRAGILE_BOTH,1.1023,1.0044,1.1023
2022-01-18,STABLE,0.0,0.0,0.0
2022-01-19,STABLE,0.0,0.0,0.0
2022-01-20,FRAGILE_DIV,0.0,1.309,1.309
2022-01-21,STABLE,0.0,0.0,0.0
2022-01-24,STABLE,0.2801,0.0,0.2801
2022-01-25,FRAGILE_ACCEL,1.1767,0.0,1.1767
2022-01-26,STABLE,0.0,0.0,0.0
2022-01-27,FRAGILE_ACCEL,4.7419,0.0,4.7419
2022-01-28,STABLE,0.0,0.0,0.0
2022-01-31,STABLE,0.1764,0.2621,0.2621
2022-02-01,STABLE,0.0,0.3326,0.3326
2022-02-02,STABLE,0.0,0.5901,0.5901
2022-02-03,STABLE,0.7886,0.7476,0.7886
2022-02-04,STABLE,0.9252,0.0,0.9252
2022-02-07,STABLE,0.0,0.8616,0.8616
2022-02-08,STABLE,0.0,0.0,0.0
2022-02-09,FRAGILE_DIV,0.2059,1.3713,1.3713
2022-02-10,FRAGILE_ACCEL,1.434,0.0,1.434
2022-02-11,STABLE,0.0,0.3574,0.3574
2022-02-14,STABLE,0.9562,0.0,0.9562
2022-02-15,STABLE,0.0,0.6888,0.6888
2022-02-16,FRAGILE_DIV,0.0,1.5806,1.5806
2022-02-17,FRAGILE_DIV,0.0,1.3421,1.3421
2022-02-18,STABLE,0.1002,0.9096,0.9096
2022-02-21,STABLE,0.0,0.0,0.0
2022-02-22,STABLE,0.0,0.3122,0.3122
2022-02-23,STABLE,0.0,0.0,0.0
2022-02-24,FRAGILE_DIV,0.0,2.9846,2.9846
2022-02-25,STABLE,0.0,0.0,0.0
2022-02-28,STABLE,0.0,0.9357,0.9357
2022-03-01,FRAGILE_DIV,0.0,1.0721,1.0721
2022-03-02,STABLE,0.0,0.0,0.0
2022-03-03,FRAGILE_DIV,0.0,1.1708,1.1708
2022-03-04,STABLE,0.4515,0.0,0.4515
2022-03-07,STABLE,0.1059,0.0,0.1059
2022-03-08,STABLE,0.0,0.0,0.0
2022-03-09,STABLE,0.0756,0.0,0.0756
2022-03-10,STABLE,0.3953,0.0,0.3953
2022-03-11,STABLE,0.0,0.0,0.0
2022-03-14,STABLE,0.2143,0.0,0.2143
2022-03-15,STABLE,0.324,0.0,0.324
2022-03-16,STABLE,0.0,0.0,0.0
2022-03-17,STABLE,0.0,0.0,0.0
2022-03-18,FRAGILE_DIV,0.0,1.6176,1.6176
2022-03-21,FRAGILE_DIV,0.0,2.0929,2.0929
2022-03-22,STABLE,0.0,0.8641,0.8641
2022-03-23,FRAGILE_BOTH,1.6581,1.1451,1.6581
2022-03-24,FRAGILE_BOTH,2.5915,1.0758,2.5915
2022-03-25,STABLE,0.0,0.0,0.0
2022-03-28,STABLE,0.516,0.608,0.608
2022-03-29,FRAGILE_ACCEL,2.7268,0.0,2.7268
2022-03-30,STABLE,0.2932,0.2205,0.2932
2022-03-31,STABLE,0.1186,0.5459,0.5459
2022-04-01,FRAGILE_DIV,0.0,1.6716,1.6716
2022-04-04,FRAGILE_DIV,0.0363,1.002,1.002
2022-04-05,STABLE,0.5236,0.4802,0.5236
2022-04-06,FRAGILE_DIV,0.0,1.3507,1.3507
2022-04-07,FRAGILE_ACCEL,2.6752,0.4222,2.6752
2022-04-08,FRAGILE_BOTH,2.5622,1.7746,2.5622
2022-04-11,FRAGILE_BOTH,2.2879,1.0053,2.2879
2022-04-12,STABLE,0.6438,0.786,0.786
2022-04-13,STABLE,0.0,0.1121,0.1121
2022-04-14,STABLE,0.0425,0.2969,0.2969
2022-04-18,STABLE,0.0,0.4929,0.4929
2022-04-19,STABLE,0.0,0.6476,0.6476
2022-04-20,FRAGILE_BOTH,1.3457,1.2718,1.3457
2022-04-21,FRAGILE_ACCEL,1.6233,0.6863,1.6233
2022-04-22,STABLE,0.2571,0.6786,0.6786
2022-04-25,STABLE,0.0,0.0,0.0
2022-04-26,STABLE,0.0,0.0,0.0
2022-04-27,STABLE,0.0,0.5717,0.5717
2022-04-28,STABLE,0.0,0.0,0.0
2022-04-29,STABLE,0.0,0.5412,0.5412
2022-05-02,STABLE,0.0,0.3695,0.3695
2022-05-03,STABLE,0.0,0.0,0.0
2022-05-04,FRAGILE_DIV,0.0,2.0991,2.0991
2022-05-05,STABLE,0.0,0.0066,0.0066
2022-05-06,STABLE,0.4124,0.0,0.4124
2022-05-09,STABLE,0.0184,0.0,0.0184
2022-05-10,STABLE,0.0613,0.0,0.0613
2022-05-11,STABLE,0.3346,0.0,0.3346
2022-05-12,STABLE,0.0423,0.0,0.0423
2022-05-13,STABLE,0.0,0.0,0.0
2022-05-16,STABLE,0.008,0.0,0.008
2022-05-17,STABLE,0.0,0.8176,0.8176
2022-05-18,FRAGILE_DIV,0.0,1.384,1.384
2022-05-19,STABLE,0.0,0.2043,0.2043
2022-05-20,STABLE,0.0,0.5139,0.5139
2022-05-23,STABLE,0.0,0.0,0.0
2022-05-24,STABLE,0.0,0.6268,0.6268
2022-05-25,STABLE,0.093,0.0,0.093
2022-05-26,FRAGILE_DIV,0.0,1.6093,1.6093
2022-05-27,STABLE,0.0,0.57,0.57
2022-05-30,STABLE,0.0,0.895,0.895
2022-05-31,STABLE,0.0,0.0,0.0
2022-06-01,FRAGILE_DIV,0.0,2.0273,2.0273
2022-06-02,STABLE,0.0,0.0,0.0
2022-06-03,STABLE,0.3161,0.0,0.3161
2022-06-06,STABLE,0.0,0.0,0.0
2022-06-07,STABLE,0.8455,0.6141,0.8455
2022-06-08,STABLE,0.0,0.8297,0.8297
2022-06-09,STABLE,0.0,0.0,0.0
2022-06-10,STABLE,0.0,0.0,0.0
2022-06-13,STABLE,0.0,0.0,0.0
2022-06-14,STABLE,0.1845,0.2143,0.2143
2022-06-15,STABLE,0.5427,0.0,0.5427
2022-06-16,FRAGILE_DIV,0.0,1.5017,1.5017
2022-06-17,STABLE,0.0,0.0,0.0
2022-06-20,STABLE,0.0,0.0684,0.0684
2022-06-21,STABLE,0.0,0.1084,0.1084
2022-06-22,STABLE,0.0,0.0,0.0
2022-06-23,STABLE,0.0,0.0,0.0
2022-06-24,STABLE,0.0,0.0,0.0
2022-06-27,STABLE,0.0,0.0,0.0
2022-06-28,STABLE,0.0,0.0,0.0
2022-06-29,STABLE,0.0,0.0,0.0
2022-06-30,STABLE,0.0,0.0,0.0
2022-07-01,FRAGILE_DIV,0.0,1.5641,1.5641
2022-07-04,STABLE,0.0,0.0,0.0
2022-07-05,STABLE,0.0,0.3363,0.3363
2022-07-06,STABLE,0.0,0.0,0.0
2022-07-07,FRAGILE_BOTH,1.6952,4.1125,4.1125
2022-07-08,STABLE,0.0,0.395,0.395
2022-07-11,STABLE,0.0,0.4477,0.4477
2022-07-12,STABLE,0.0,0.3583,0.3583
2022-07-13,STABLE,0.4136,0.0,0.4136
2022-07-14,STABLE,0.0,0.0,0.0
2022-07-15,STABLE,0.0704,0.0,0.0704
2022-07-18,STABLE,0.1208,0.0,0.1208
2022-07-19,FRAGILE_BOTH,1.7974,1.384,1.7974
2022-07-20,FRAGILE_DIV,0.0,4.1867,4.1867
2022-07-21,STABLE,0.0,0.0,0.0
2022-07-22,STABLE,0.0,0.0,0.0
2022-07-25,STABLE,0.0,0.0,0.0
2022-07-26,FRAGILE_BOTH,1.0193,1.252,1.252
2022-07-27,FRAGILE_ACCEL,1.0423,0.0,1.0423
2022-07-28,STABLE,0.0,0.0,0.0
2022-07-29,FRAGILE_BOTH,1.7846,3.0751,3.0751
2022-08-01,FRAGILE_DIV,0.3314,2.4436,2.4436
2022-08-02,STABLE,0.0,0.0827,0.0827
2022-08-03,STABLE,0.0,0.0,0.0
2022-08-04,STABLE,0.0,0.0,0.0
2022-08-05,STABLE,0.6969,0.0,0.6969
2022-08-08,STABLE,0.0,0.0,0.0
2022-08-09,STABLE,0.6286,0.0,0.6286
2022-08-10,STABLE,0.7357,0.1178,0.7357
2022-08-11,STABLE,0.8595,0.0,0.8595
2022-08-12,STABLE,0.6112,0.0,0.6112
2022-08-15,STABLE,0.0856,0.0,0.0856
2022-08-16,STABLE,0.0,0.0,0.0
2022-08-17,FRAGILE_DIV,0.0,1.4871,1.4871
2022-08-18,STABLE,0.8847,0.0,0.8847
2022-08-19,STABLE,0.2254,0.8055,0.8055
2022-08-22,STABLE,0.0,0.0,0.0
2022-08-23,STABLE,0.2355,0.4574,0.4574
2022-08-24,STABLE,0.4936,0.0,0.4936
2022-08-25,STABLE,0.0,0.2063,0.2063
2022-08-26,STABLE,0.0,0.0,0.0
2022-08-29,STABLE,0.5832,0.4861,0.5832
2022-08-30,FRAGILE_BOTH,1.5776,3.4608,3.4608
2022-08-31,STABLE,0.0,0.0,0.0
2022-09-01,STABLE,0.0,0.8386,0.8386
2022-09-02,STABLE,0.3486,0.0495,0.3486
2022-09-05,STABLE,0.0,0.0,0.0
2022-09-06,FRAGILE_DIV,0.0,1.1237,1.1237
2022-09-07,FRAGILE_DIV,0.0,1.0407,1.0407
2022-09-08,FRAGILE_DIV,0.0,1.1012,1.1012
2022-09-09,FRAGILE_BOTH,1.8582,2.851,2.851
2022-09-12,STABLE,0.6258,0.916,0.916
2022-09-13,STABLE,0.4704,0.3072,0.4704
2022-09-14,STABLE,0.0,0.251,0.251
2022-09-15,FRAGILE_DIV,0.0,1.0013,1.0013
2022-09-16,FRAGILE_DIV,0.0,1.3827,1.3827
2022-09-19,STABLE,0.0,0.1101,0.1101
2022-09-20,FRAGILE_DIV,0.7946,1.784,1.784
2022-09-21,STABLE,0.0,0.6396,0.6396
2022-09-22,STABLE,0.0,0.447,0.447
2022-09-23,STABLE,0.0,0.6585,0.6585
2022-09-26,FRAGILE_DIV,0.3006,1.1261,1.1261
2022-09-27,FRAGILE_DIV,0.6032,1.251,1.251
2022-09-28,STABLE,0.1683,0.1895,0.1895
2022-09-29,FRAGILE_DIV,0.9087,1.7408,1.7408
2022-09-30,FRAGILE_DIV,0.4172,1.1718,1.1718
2022-10-03,STABLE,0.0,0.4412,0.4412
2022-10-04,FRAGILE_ACCEL,1.4566,0.8317,1.4566
2022-10-05,STABLE,0.0,0.7455,0.7455
2022-10-06,STABLE,0.0,0.8533,0.8533
2022-10-07,STABLE,0.2098,0.2629,0.2629
2022-10-10,FRAGILE_DIV,0.7712,1.4136,1.4136
2022-10-11,FRAGILE_DIV,0.0,1.154,1.154
2022-10-12,STABLE,0.3787,0.248,0.3787
2022-10-13,STABLE,0.4313,0.0,0.4313
2022-10-14,STABLE,0.1379,0.0,0.1379
2022-10-17,STABLE,0.0,0.7525,0.7525
2022-10-18,STABLE,0.0,0.7976,0.7976
2022-10-19,STABLE,0.0,0.5839,0.5839
2022-10-20,STABLE,0.2704,0.7975,0.7975
2022-10-21,STABLE,0.2218,0.2223,0.2223
2022-10-24,STABLE,0.0,0.7036,0.7036
2022-10-25,FRAGILE_BOTH,1.7164,1.1912,1.7164
2022-10-26,STABLE,0.0,0.1032,0.1032
2022-10-27,STABLE,0.3317,0.3664,0.3664
2022-10-28,STABLE,0.3098,0.0854,0.3098
2022-10-31,STABLE,0.5879,0.1511,0.5879
2022-11-01,FRAGILE_DIV,0.6449,2.7141,2.7141
2022-11-02,STABLE,0.841,0.6998,0.841
2022-11-03,STABLE,0.0,0.5559,0.5559
2022-11-04,STABLE,0.4517,0.0,0.4517
2022-11-07,FRAGILE_DIV,0.5376,1.4525,1.4525
2022-11-08,FRAGILE_ACCEL,1.137,0.7219,1.137
2022-11-09,FRAGILE_BOTH,1.9861,1.1796,1.9861
2022-11-10,STABLE,0.4981,0.2955,0.4981
2022-11-11,FRAGILE_BOTH,1.2037,1.1011,1.2037
2022-11-14,FRAGILE_DIV,0.8203,3.7587,3.7587
2022-11-15,STABLE,0.4189,0.0838,0.4189
2022-11-16,FRAGILE_DIV,0.0,1.3319,1.3319
2022-11-17,STABLE,0.0,0.848,0.848
2022-11-18,STABLE,0.0571,0.8846,0.8846
2022-11-21,STABLE,0.0,0.883,0.883
2022-11-22,FRAGILE_DIV,0.0,1.2041,1.2041
2022-11-23,FRAGILE_ACCEL,2.0847,0.2936,2.0847
2022-11-24,STABLE,0.0,0.0,0.0
2022-11-25,STABLE,0.0,0.4056,0.4056
2022-11-28,FRAGILE_DIV,0.0,1.8656,1.8656
2022-11-29,FRAGILE_DIV,0.0,1.5609,1.5609
2022-11-30,FRAGILE_DIV,0.0,1.2649,1.2649
2022-12-01,FRAGILE_DIV,0.0,2.7306,2.7306
2022-12-02,FRAGILE_ACCEL,1.4777,0.787,1.4777
2022-12-05,STABLE,0.0,0.5954,0.5954
2022-12-06,STABLE,0.3462,0.0,0.3462
2022-12-07,FRAGILE_BOTH,1.9628,1.6585,1.9628
2022-12-08,STABLE,0.1437,0.5943,0.5943
2022-12-09,STABLE,0.6329,0.6977,0.6977
2022-12-12,FRAGILE_BOTH,2.2337,3.2774,3.2774
2022-12-13,STABLE,0.6722,0.2939,0.6722
2022-12-14,FRAGILE_ACCEL,1.4773,0.8199,1.4773
2022-12-15,FRAGILE_BOTH,3.1964,1.845,3.1964
2022-12-16,STABLE,0.2838,0.4999,0.4999
2022-12-19,FRAGILE_DIV,0.0,1.1953,1.1953
2022-12-20,STABLE,0.0,0.8624,0.8624
2022-12-21,STABLE,0.1862,0.0,0.1862
2022-12-22,STABLE,0.0,0.9935,0.9935
2022-12-23,STABLE,0.0788,0.0,0.0788
2022-12-27,FRAGILE_DIV,0.0,1.3236,1.3236
2022-12-28,STABLE,0.9666,0.6446,0.9666
2022-12-29,FRAGILE_DIV,0.0,1.9656,1.9656
2022-12-30,FRAGILE_ACCEL,1.0726,0.6846,1.0726
2023-01-03,STABLE,0.7279,0.4241,0.7279
2023-01-04,STABLE,0.8683,0.2729,0.8683
2023-01-05,FRAGILE_DIV,0.0,1.0419,1.0419
2023-01-06,FRAGILE_DIV,0.0,1.1693,1.1693
2023-01-09,STABLE,0.0,0.786,0.786
2023-01-10,STABLE,0.0,0.9896,0.9896
2023-01-11,FRAGILE_DIV,0.0,1.8384,1.8384
2023-01-12,STABLE,0.0,0.4231,0.4231
2023-01-13,FRAGILE_ACCEL,2.0576,0.8904,2.0576
2023-01-16,STABLE,0.0,0.0,0.0
2023-01-17,FRAGILE_DIV,0.3214,2.3595,2.3595
2023-01-18,STABLE,0.0,0.0,0.0
2023-01-19,FRAGILE_ACCEL,2.8564,0.5184,2.8564
2023-01-20,FRAGILE_ACCEL,1.7297,0.813,1.7297
2023-01-23,STABLE,0.6368,0.7891,0.7891
2023-01-24,STABLE,0.2524,0.0,0.2524
2023-01-25,FRAGILE_BOTH,2.7014,4.0013,4.0013
2023-01-26,FRAGILE_DIV,0.0,3.1093,3.1093
2023-01-27,FRAGILE_DIV,0.0,1.1348,1.1348
2023-01-30,FRAGILE_BOTH,2.8756,1.0802,2.8756
2023-01-31,FRAGILE_ACCEL,1.4207,0.0,1.4207
2023-02-01,FRAGILE_BOTH,2.0943,2.6388,2.6388
2023-02-02,FRAGILE_DIV,0.2174,1.132,1.132
2023-02-03,STABLE,0.9316,0.8085,0.9316
2023-02-06,STABLE,0.1281,0.5798,0.5798
2023-02-07,FRAGILE_DIV,0.8648,1.671,1.671
2023-02-08,STABLE,0.0,0.0,0.0
2023-02-09,FRAGILE_BOTH,1.042,1.083,1.083
2023-02-10,FRAGILE_ACCEL,1.0715,0.8825,1.0715
2023-02-13,FRAGILE_DIV,0.8062,1.1483,1.1483
2023-02-14,STABLE,0.8512,0.5107,0.8512
2023-02-15,STABLE,0.3999,0.8949,0.8949
2023-02-16,FRAGILE_DIV,0.1,2.2259,2.2259
2023-02-17,FRAGILE_BOTH,1.4318,1.8602,1.8602
2023-02-20,STABLE,0.0,0.0,0.0
2023-02-21,STABLE,0.0,0.0,0.0
2023-02-22,FRAGILE_DIV,0.1073,2.6848,2.6848
2023-02-23,FRAGILE_DIV,0.0,1.0658,1.0658
2023-02-24,FRAGILE_DIV,0.5673,1.0188,1.0188
2023-02-27,STABLE,0.0,0.8829,0.8829
2023-02-28,STABLE,0.0,0.9019,0.9019
2023-03-01,FRAGILE_DIV,0.0,2.3175,2.3175
2023-03-02,STABLE,0.3766,0.1866,0.3766
2023-03-03,STABLE,0.396,0.52,0.52
2023-03-06,FRAGILE_BOTH,1.7142,1.2675,1.7142
2023-03-07,FRAGILE_DIV,0.0,1.04,1.04
2023-03-08,STABLE,0.0,0.5465,0.5465
2023-03-09,STABLE,0.6419,0.7037,0.7037
2023-03-10,STABLE,0.2757,0.0,0.2757
2023-03-13,STABLE,0.317,0.3743,0.3743
2023-03-14,STABLE,0.6402,0.2555,0.6402
2023-03-15,STABLE,0.3816,0.0,0.3816
2023-03-16,STABLE,0.0,0.919,0.919
2023-03-17,STABLE,0.0,0.9502,0.9502
2023-03-20,FRAGILE_DIV,0.0,1.8651,1.8651
2023-03-21,FRAGILE_DIV,0.0,1.4031,1.4031
2023-03-22,FRAGILE_BOTH,1.8491,1.1203,1.8491
2023-03-23,STABLE,0.0,0.478,0.478
2023-03-24,FRAGILE_DIV,0.0,1.0033,1.0033
2023-03-27,STABLE,0.0,0.9506,0.9506
2023-03-28,FRAGILE_BOTH,1.1185,1.1026,1.1185
2023-03-29,STABLE,0.3319,0.8474,0.8474
2023-03-30,STABLE,0.0,0.1445,0.1445
2023-03-31,FRAGILE_BOTH,1.7936,1.4414,1.7936
2023-04-03,FRAGILE_ACCEL,1.5185,0.7933,1.5185
2023-04-04,FRAGILE_BOTH,1.0,1.1074,1.1074
2023-04-05,STABLE,0.5751,0.7414,0.7414
2023-04-17,FRAGILE_BOTH,4.2066,1.5211,4.2066
2023-04-18,FRAGILE_ACCEL,1.8221,0.6686,1.8221
2023-04-19,FRAGILE_DIV,0.5205,1.4583,1.4583
2023-04-20,FRAGILE_BOTH,2.3961,1.0868,2.3961
2023-04-21,STABLE,0.6765,0.8592,0.8592
2023-04-24,FRAGILE_BOTH,3.968,4.9249,4.9249
2023-04-25,FRAGILE_BOTH,1.3914,1.3125,1.3914
2023-04-26,STABLE,0.6073,0.9888,0.9888
2023-04-27,STABLE,0.9749,0.953,0.9749
2023-04-28,STABLE,0.3022,0.9864,0.9864
2023-05-01,FRAGILE_DIV,0.0,2.2735,2.2735
2023-05-02,FRAGILE_BOTH,2.1209,3.511,3.511
2023-05-03,FRAGILE_DIV,0.0,1.1553,1.1553
2023-05-04,STABLE,0.8768,0.9482,0.9482
2023-05-05,STABLE,0.4585,0.7277,0.7277
2023-05-08,FRAGILE_BOTH,3.044,1.1716,3.044
2023-05-09,FRAGILE_DIV,0.9681,1.1048,1.1048
2023-05-10,FRAGILE_DIV,0.7742,1.0976,1.0976
2023-05-11,STABLE,0.5921,0.0,0.5921
2023-05-12,FRAGILE_BOTH,3.2006,1.4794,3.2006
2023-05-15,FRAGILE_DIV,0.0,1.0116,1.0116
2023-05-16,STABLE,0.3948,0.8835,0.8835
2023-05-17,FRAGILE_ACCEL,1.4641,0.735,1.4641
2023-05-18,FRAGILE_DIV,0.6373,2.7242,2.7242
2023-05-19,FRAGILE_ACCEL,1.7916,0.3479,1.7916
2023-05-22,FRAGILE_BOTH,3.1192,1.7092,3.1192
2023-05-23,FRAGILE_DIV,0.2265,2.4386,2.4386
2023-05-24,FRAGILE_BOTH,1.9218,1.0485,1.9218
2023-05-25,STABLE,0.6556,0.7012,0.7012
2023-05-26,STABLE,0.0,0.7799,0.7799
2023-05-29,STABLE,0.0,0.0,0.0
2023-05-30,STABLE,0.2921,0.707,0.707
2023-05-31,FRAGILE_ACCEL,2.4035,0.8346,2.4035
2023-06-01,FRAGILE_DIV,0.0,1.8724,1.8724
2023-06-02,STABLE,0.0,0.0,0.0
2023-06-05,FRAGILE_ACCEL,2.4478,0.9679,2.4478
2023-06-06,STABLE,0.0,0.3859,0.3859
2023-06-07,FRAGILE_BOTH,2.4411,1.2944,2.4411
2023-06-08,FRAGILE_BOTH,1.1663,1.7678,1.7678
2023-06-09,FRAGILE_ACCEL,1.5095,0.7421,1.5095
2023-06-12,FRAGILE_BOTH,1.8935,1.0477,1.8935
2023-06-13,FRAGILE_DIV,0.0,1.2053,1.2053
2023-06-14,FRAGILE_DIV,0.0,2.0529,2.0529
2023-06-15,FRAGILE_ACCEL,1.0963,0.4799,1.0963
2023-06-16,STABLE,0.5755,0.6255,0.6255
2023-06-19,STABLE,0.0,0.5759,0.5759
2023-06-20,FRAGILE_ACCEL,1.0474,0.2158,1.0474
2023-06-21,FRAGILE_DIV,0.174,2.4624,2.4624
2023-06-22,FRAGILE_DIV,0.0,1.646,1.646
2023-06-23,FRAGILE_DIV,0.9419,1.4689,1.4689
2023-06-26,FRAGILE_BOTH,1.3616,2.0482,2.0482
2023-06-27,FRAGILE_BOTH,2.4291,1.2912,2.4291
2023-06-28,FRAGILE_ACCEL,1.9826,0.9469,1.9826
2023-06-29,FRAGILE_BOTH,2.3521,1.9493,2.3521
2023-06-30,FRAGILE_DIV,0.0,1.6308,1.6308
2023-07-03,STABLE,0.0621,0.737,0.737
2023-07-04,STABLE,0.0,0.0,0.0
2023-07-05,FRAGILE_BOTH,1.556,2.7955,2.7955
2023-07-06,FRAGILE_DIV,0.5783,1.6831,1.6831
2023-07-07,FRAGILE_ACCEL,1.0885,0.0464,1.0885
2023-07-10,FRAGILE_BOTH,1.5742,1.4616,1.5742
2023-07-11,FRAGILE_BOTH,3.8537,1.0492,3.8537
2023-07-12,STABLE,0.0,0.8093,0.8093
2023-07-13,FRAGILE_DIV,0.0,1.6659,1.6659
2023-07-14,FRAGILE_DIV,0.0,1.9444,1.9444
2023-07-17,FRAGILE_DIV,0.0,1.5655,1.5655
2023-07-18,STABLE,0.0,0.6058,0.6058
2023-07-19,FRAGILE_DIV,0.0,1.6267,1.6267
2023-07-20,FRAGILE_DIV,0.0,1.971,1.971
2023-07-21,FRAGILE_BOTH,2.7484,3.5914,3.5914
2023-07-24,FRAGILE_BOTH,2.0499,1.4209,2.0499
2023-07-25,FRAGILE_DIV,0.1801,1.2478,1.2478
2023-07-26,STABLE,0.4486,0.7206,0.7206
2023-07-27,STABLE,0.5471,0.6288,0.6288
2023-07-28,FRAGILE_ACCEL,1.2211,0.4286,1.2211
2023-07-31,STABLE,0.1082,0.0,0.1082
2023-08-01,FRAGILE_BOTH,1.8642,3.896,3.896
2023-08-02,STABLE,0.3669,0.2655,0.3669
2023-08-03,STABLE,0.2403,0.0,0.2403
2023-08-04,STABLE,0.0,0.0,0.0
2023-08-07,FRAGILE_ACCEL,1.4194,0.0,1.4194
2023-08-08,FRAGILE_BOTH,1.0008,1.2251,1.2251
2023-08-09,FRAGILE_ACCEL,1.5404,0.8698,1.5404
2023-08-10,STABLE,0.0,0.0,0.0
2023-08-11,FRAGILE_DIV,0.0,1.3439,1.3439
2023-08-14,STABLE,0.1791,0.0,0.1791
2023-08-15,FRAGILE_DIV,0.0,2.1764,2.1764
2023-08-16,FRAGILE_BOTH,2.1056,2.0196,2.1056
2023-08-17,STABLE,0.2853,0.0,0.2853
2023-08-18,FRAGILE_DIV,0.6596,3.54,3.54
2023-08-21,FRAGILE_DIV,0.0,2.6248,2.6248
2023-08-22,FRAGILE_DIV,0.0249,1.7644,1.7644
2023-08-23,STABLE,0.0,0.8242,0.8242
2023-08-24,STABLE,0.0,0.0,0.0
2023-08-25,STABLE,0.0,0.2952,0.2952
2023-08-28,FRAGILE_DIV,0.0,1.1136,1.1136
2023-08-29,FRAGILE_DIV,0.4656,4.1594,4.1594
2023-08-30,STABLE,0.0,0.0,0.0
2023-08-31,FRAGILE_BOTH,1.7767,1.9839,1.9839
2023-09-01,FRAGILE_DIV,0.0,2.858,2.858
2023-09-04,STABLE,0.2655,0.0,0.2655
2023-09-05,STABLE,0.0,0.1196,0.1196
2023-09-06,FRAGILE_BOTH,1.6776,1.8491,1.8491
2023-09-07,FRAGILE_DIV,0.0,1.7713,1.7713
2023-09-08,FRAGILE_DIV,0.0,1.8283,1.8283
2023-09-11,FRAGILE_DIV,0.0908,1.5032,1.5032
2023-09-12,FRAGILE_BOTH,1.0511,1.6631,1.6631
2023-09-13,FRAGILE_DIV,0.0,1.1168,1.1168
2023-09-14,STABLE,0.0,0.8584,0.8584
2023-09-15,STABLE,0.0,0.0,0.0
2023-09-18,STABLE,0.5551,0.4944,0.5551
2023-09-19,STABLE,0.0,0.0,0.0
2023-09-20,FRAGILE_DIV,0.8759,2.9264,2.9264
2023-09-21,FRAGILE_DIV,0.0,1.4516,1.4516
2023-09-22,FRAGILE_DIV,0.2621,2.2264,2.2264
2023-09-25,STABLE,0.0,0.6805,0.6805
2023-09-26,FRAGILE_DIV,0.6992,1.3058,1.3058
2023-09-27,STABLE,0.6995,0.0,0.6995
2023-09-28,STABLE,0.7421,0.0,0.7421
2023-09-29,FRAGILE_DIV,0.0,1.9366,1.9366
2023-10-02,STABLE,0.0,0.5799,0.5799
2023-10-03,STABLE,0.0,0.0,0.0
2023-10-04,STABLE,0.2864,0.3809,0.3809
2023-10-05,FRAGILE_DIV,0.0,1.1408,1.1408
2023-10-06,STABLE,0.0342,0.0,0.0342
2023-10-09,STABLE,0.0,0.0,0.0
2023-10-10,STABLE,0.0,0.5757,0.5757
2023-10-11,FRAGILE_ACCEL,3.5,0.0,3.5
2023-10-12,STABLE,0.0,0.4195,0.4195
2023-10-13,STABLE,0.1161,0.3365,0.3365
2023-10-16,STABLE,0.0,0.0,0.0
2023-10-17,FRAGILE_BOTH,1.1071,1.8248,1.8248
2023-10-18,FRAGILE_DIV,0.1839,1.4219,1.4219
2023-10-19,STABLE,0.6953,0.9799,0.9799
2023-10-20,STABLE,0.4539,0.0445,0.4539
2023-10-23,FRAGILE_DIV,0.186,1.1746,1.1746
2023-10-24,FRAGILE_DIV,0.0,1.0592,1.0592
2023-10-25,STABLE,0.0,0.5983,0.5983
2023-10-26,STABLE,0.0,0.0,0.0
2023-10-27,FRAGILE_DIV,0.0,1.4699,1.4699
2023-10-30,STABLE,0.0,0.0,0.0
2023-10-31,STABLE,0.0,0.5571,0.5571
2023-11-01,FRAGILE_DIV,0.0,2.8225,2.8225
2023-11-02,FRAGILE_BOTH,1.0623,1.2078,1.2078
2023-11-03,STABLE,0.4604,0.0,0.4604
2023-11-06,STABLE,0.7163,0.7548,0.7548
2023-11-07,FRAGILE_DIV,0.2309,1.1707,1.1707
2023-11-08,STABLE,0.0,0.9846,0.9846
2023-11-09,STABLE,0.3621,0.4532,0.4532
2023-11-10,STABLE,0.0,0.5864,0.5864
2023-11-13,STABLE,0.909,0.0,0.909
2023-11-14,STABLE,0.5975,0.0,0.5975
2023-11-15,FRAGILE_ACCEL,1.4544,0.8645,1.4544
2023-11-16,FRAGILE_DIV,0.0,1.084,1.084
2023-11-17,STABLE,0.9375,0.7059,0.9375
2023-11-20,FRAGILE_ACCEL,1.1743,0.675,1.1743
2023-11-21,FRAGILE_BOTH,2.7664,1.102,2.7664
2023-11-22,FRAGILE_BOTH,2.0934,1.0357,2.0934
2023-11-23,STABLE,0.0,0.0,0.0
2023-11-24,FRAGILE_DIV,0.0,2.9894,2.9894
2023-11-27,FRAGILE_BOTH,3.0364,1.1573,3.0364
2023-11-28,FRAGILE_DIV,0.0,1.0863,1.0863
2023-11-29,FRAGILE_BOTH,2.1437,1.7998,2.1437
2023-11-30,STABLE,0.0,0.6343,0.6343
2023-12-01,FRAGILE_DIV,0.0,2.876,2.876
2023-12-04,STABLE,0.7668,0.0,0.7668
2023-12-05,STABLE,0.5729,0.8339,0.8339
2023-12-06,FRAGILE_ACCEL,1.1763,0.8753,1.1763
2023-12-07,STABLE,0.2648,0.0,0.2648
2023-12-08,FRAGILE_DIV,0.1725,2.2073,2.2073
2023-12-11,FRAGILE_BOTH,1.2143,1.3001,1.3001
2023-12-12,FRAGILE_DIV,0.3635,1.9224,1.9224
2023-12-13,STABLE,0.0,0.8006,0.8006
2023-12-14,FRAGILE_ACCEL,1.2101,0.8647,1.2101
2023-12-15,FRAGILE_BOTH,1.6732,1.2366,1.6732
2023-12-18,FRAGILE_ACCEL,1.9674,0.5112,1.9674
2023-12-19,FRAGILE_ACCEL,1.1235,0.6925,1.1235
2023-12-20,FRAGILE_DIV,0.9298,1.1309,1.1309
2023-12-21,FRAGILE_DIV,0.0,1.2406,1.2406
2023-12-22,FRAGILE_ACCEL,2.1286,0.0,2.1286
2023-12-26,STABLE,0.6996,0.6011,0.6996
2023-12-27,FRAGILE_DIV,0.0,3.2423,3.2423
2023-12-28,FRAGILE_DIV,0.0,1.5631,1.5631
2023-12-29,FRAGILE_DIV,0.5269,2.1808,2.1808
2024-01-02,STABLE,0.8503,0.459,0.8503
2024-01-03,FRAGILE_DIV,0.0,1.0144,1.0144
2024-01-04,STABLE,0.0,0.5878,0.5878
2024-01-05,FRAGILE_ACCEL,1.17,0.4445,1.17
2024-01-08,STABLE,0.0,0.7584,0.7584
2024-01-09,FRAGILE_DIV,0.3703,1.0561,1.0561
2024-01-10,STABLE,0.0,0.8571,0.8571
2024-01-11,FRAGILE_DIV,0.0,1.3468,1.3468
2024-01-12,STABLE,0.2109,0.76,0.76
2024-01-15,STABLE,0.0888,0.6452,0.6452
2024-01-16,FRAGILE_ACCEL,1.5444,0.436,1.5444
2024-01-17,STABLE,0.0,0.1887,0.1887
2024-01-18,STABLE,0.0,0.6889,0.6889
2024-01-19,FRAGILE_DIV,0.0,1.0303,1.0303
2024-01-22,STABLE,0.5511,0.0,0.5511
2024-01-23,FRAGILE_DIV,0.0,1.0793,1.0793
2024-01-24,STABLE,0.0,0.8424,0.8424
2024-01-25,STABLE,0.0,0.6334,0.6334
2024-01-26,FRAGILE_DIV,0.0,1.0417,1.0417
2024-01-29,FRAGILE_ACCEL,1.1877,0.633,1.1877
2024-01-30,FRAGILE_ACCEL,1.2258,0.5601,1.2258
2024-01-31,STABLE,0.0,0.9117,0.9117
2024-02-01,FRAGILE_DIV,0.0,2.2408,2.2408
2024-02-02,STABLE,0.7686,0.3644,0.7686
2024-02-05,FRAGILE_DIV,0.0,1.1387,1.1387
2024-02-06,STABLE,0.2054,0.0,0.2054
2024-02-07,FRAGILE_DIV,0.8354,2.9781,2.9781
2024-02-08,STABLE,0.0,0.8617,0.8617
2024-02-09,STABLE,0.0,0.679,0.679
2024-02-12,FRAGILE_BOTH,1.5396,2.7107,2.7107
2024-02-13,FRAGILE_BOTH,2.9936,1.2527,2.9936
2024-02-14,FRAGILE_DIV,0.0,1.3708,1.3708
2024-02-15,FRAGILE_DIV,0.0,1.297,1.297
2024-02-16,STABLE,0.7079,0.6058,0.7079
2024-02-19,STABLE,0.0,0.0,0.0
2024-02-20,STABLE,0.0,0.9504,0.9504
2024-02-21,FRAGILE_DIV,0.0,2.4213,2.4213
2024-02-22,STABLE,0.2052,0.8376,0.8376
2024-02-23,STABLE,0.0,0.2686,0.2686
2024-02-26,FRAGILE_DIV,0.4137,1.3477,1.3477
2024-02-27,FRAGILE_DIV,0.0,1.1249,1.1249
2024-02-28,FRAGILE_DIV,0.0,1.3341,1.3341
2024-02-29,FRAGILE_BOTH,1.7325,1.0888,1.7325
2024-03-01,FRAGILE_DIV,0.0,2.8366,2.8366
2024-03-04,FRAGILE_BOTH,2.2552,1.3382,2.2552
2024-03-05,FRAGILE_DIV,0.0,1.0879,1.0879
2024-03-06,FRAGILE_DIV,0.0,1.9701,1.9701
2024-03-07,FRAGILE_DIV,0.4546,1.0622,1.0622
2024-03-08,FRAGILE_DIV,0.0,1.2563,1.2563
2024-03-11,STABLE,0.5569,0.7584,0.7584
2024-03-12,FRAGILE_DIV,0.0,1.7807,1.7807
2024-03-13,FRAGILE_BOTH,2.7144,1.0086,2.7144
2024-03-14,STABLE,0.0,0.4492,0.4492
2024-03-15,STABLE,0.0,0.6348,0.6348
2024-03-18,FRAGILE_DIV,0.9937,2.3675,2.3675
2024-03-19,FRAGILE_DIV,0.1232,1.2505,1.2505
2024-03-20,FRAGILE_ACCEL,2.0142,0.0251,2.0142
2024-03-21,FRAGILE_DIV,0.5715,1.0104,1.0104
2024-03-22,FRAGILE_ACCEL,1.1998,0.655,1.1998
2024-03-25,STABLE,0.5212,0.693,0.693
2024-03-26,STABLE,0.0,0.8177,0.8177
2024-03-27,FRAGILE_DIV,0.4476,1.1314,1.1314
2024-03-28,FRAGILE_ACCEL,2.3764,0.6394,2.3764
2024-04-01,FRAGILE_DIV,0.0,2.5282,2.5282
2024-04-02,FRAGILE_ACCEL,1.1669,0.3585,1.1669
2024-04-03,FRAGILE_ACCEL,1.2375,0.4088,1.2375
2024-04-04,FRAGILE_ACCEL,1.1832,0.3425,1.1832
2024-04-05,FRAGILE_DIV,0.5239,1.2443,1.2443
2024-04-08,FRAGILE_ACCEL,1.9785,0.8753,1.9785
2024-04-09,STABLE,0.2782,0.6842,0.6842
2024-04-10,FRAGILE_BOTH,1.0677,1.0337,1.0677
2024-04-11,STABLE,0.436,0.1604,0.436
2024-04-12,STABLE,0.3851,0.267,0.3851
2024-04-15,FRAGILE_DIV,0.0,1.6701,1.6701
2024-04-16,STABLE,0.0,0.9479,0.9479
2024-04-17,STABLE,0.0,0.8576,0.8576
2024-04-18,FRAGILE_DIV,0.0,1.1325,1.1325
2024-04-19,FRAGILE_DIV,0.0,1.4441,1.4441
2024-04-22,FRAGILE_BOTH,1.5632,1.2722,1.5632
2024-04-23,STABLE,0.0,0.743,0.743
2024-04-24,STABLE,0.0,0.5239,0.5239
2024-04-25,STABLE,0.4794,0.072,0.4794
2024-04-26,STABLE,0.4678,0.9458,0.9458
2024-04-29,STABLE,0.0279,0.7855,0.7855
2024-04-30,STABLE,0.748,0.718,0.748
2024-05-01,FRAGILE_DIV,0.0,1.8443,1.8443
2024-05-02,STABLE,0.0,0.0,0.0
2024-05-03,STABLE,0.3258,0.3763,0.3763
2024-05-06,FRAGILE_BOTH,1.544,1.0559,1.544
2024-05-07,FRAGILE_DIV,0.0,1.8384,1.8384
2024-05-08,STABLE,0.0,0.8016,0.8016
2024-05-09,STABLE,0.0,0.9295,0.9295
2024-05-10,STABLE,0.0069,0.5952,0.5952
2024-05-13,STABLE,0.7911,0.4346,0.7911
2024-05-14,FRAGILE_DIV,0.0,1.8796,1.8796
2024-05-15,STABLE,0.5585,0.9831,0.9831
2024-05-16,FRAGILE_DIV,0.0,2.187,2.187
2024-05-17,STABLE,0.1505,0.4601,0.4601
2024-05-20,FRAGILE_ACCEL,2.7019,0.9239,2.7019
2024-05-21,FRAGILE_BOTH,1.3243,4.0138,4.0138
2024-05-22,STABLE,0.1628,0.5893,0.5893
2024-05-23,STABLE,0.0886,0.6762,0.6762
2024-05-24,STABLE,0.0,0.0,0.0
2024-05-27,FRAGILE_DIV,0.0,1.0251,1.0251
2024-05-28,STABLE,0.0,0.0,0.0
2024-05-29,STABLE,0.0,0.8384,0.8384
2024-05-30,STABLE,0.0,0.8724,0.8724
2024-05-31,FRAGILE_DIV,0.0,1.3912,1.3912
2024-06-03,STABLE,0.7484,0.828,0.828
2024-06-04,STABLE,0.0,0.6323,0.6323
2024-06-05,FRAGILE_BOTH,2.4377,2.6202,2.6202
2024-06-06,STABLE,0.0,0.3084,0.3084
2024-06-07,FRAGILE_ACCEL,1.1845,0.0,1.1845
2024-06-10,FRAGILE_ACCEL,1.8515,0.4617,1.8515
2024-06-11,STABLE,0.5567,0.9347,0.9347
2024-06-12,STABLE,0.7961,0.2708,0.7961
2024-06-13,FRAGILE_BOTH,1.1867,1.0743,1.1867
2024-06-14,STABLE,0.1317,0.1453,0.1453
2024-06-17,STABLE,0.278,0.7898,0.7898
2024-06-18,STABLE,0.0,0.9338,0.9338
2024-06-19,STABLE,0.0,0.129,0.129
2024-06-20,STABLE,0.7423,0.1228,0.7423
2024-06-21,FRAGILE_DIV,0.477,1.2137,1.2137
2024-06-24,STABLE,0.0,0.789,0.789
2024-06-25,FRAGILE_DIV,0.3614,2.4579,2.4579
2024-06-26,FRAGILE_DIV,0.0,1.5076,1.5076
2024-06-27,FRAGILE_DIV,0.8722,1.2662,1.2662
2024-06-28,STABLE,0.0,0.8497,0.8497
2024-07-01,FRAGILE_DIV,0.0,1.6676,1.6676
2024-07-02,FRAGILE_DIV,0.0,1.3512,1.3512
2024-07-03,STABLE,0.9667,0.5319,0.9667
2024-07-04,FRAGILE_DIV,0.0,4.0537,4.0537
2024-07-05,FRAGILE_ACCEL,1.1709,0.0592,1.1709
2024-07-08,FRAGILE_BOTH,2.1919,1.4655,2.1919
2024-07-09,FRAGILE_BOTH,3.2087,1.8557,3.2087
2024-07-10,FRAGILE_BOTH,1.4631,1.2796,1.4631
2024-07-11,STABLE,0.2818,0.5487,0.5487
2024-07-12,STABLE,0.0,0.3523,0.3523
2024-07-15,FRAGILE_DIV,0.0,1.4842,1.4842
2024-07-16,STABLE,0.0,0.0,0.0
2024-07-17,STABLE,0.0,0.6182,0.6182
2024-07-18,FRAGILE_DIV,0.0337,1.3281,1.3281
2024-07-19,STABLE,0.0,0.6774,0.6774
2024-07-22,STABLE,0.0,0.6747,0.6747
2024-07-23,FRAGILE_DIV,0.0,1.0181,1.0181
2024-07-24,STABLE,0.364,0.8938,0.8938
2024-07-25,STABLE,0.0234,0.1543,0.1543
2024-07-26,STABLE,0.0,0.1631,0.1631
2024-07-29,STABLE,0.2655,0.7669,0.7669
2024-07-30,STABLE,0.5021,0.5133,0.5133
2024-07-31,STABLE,0.289,0.384,0.384
2024-08-01,FRAGILE_DIV,0.0,1.4724,1.4724
2024-08-02,STABLE,0.6806,0.6644,0.6806
2024-08-05,STABLE,0.0,0.0,0.0
2024-08-06,STABLE,0.0987,0.6763,0.6763
2024-08-07,STABLE,0.0,0.713,0.713
2024-08-08,STABLE,0.2521,0.6985,0.6985
2024-08-09,STABLE,0.7823,0.1687,0.7823
2024-08-12,STABLE,0.0,0.0911,0.0911
2024-08-13,STABLE,0.0,0.9337,0.9337
2024-08-14,STABLE,0.0,0.9128,0.9128
2024-08-15,STABLE,0.5023,0.3535,0.5023
2024-08-16,STABLE,0.0,0.5629,0.5629
2024-08-19,STABLE,0.0,0.776,0.776
2024-08-20,FRAGILE_BOTH,2.9816,1.525,2.9816
2024-08-21,STABLE,0.6188,0.5001,0.6188
2024-08-22,STABLE,0.0,0.0,0.0
2024-08-23,STABLE,0.0103,0.0,0.0103
2024-08-26,FRAGILE_BOTH,1.177,1.4403,1.4403
2024-08-27,STABLE,0.0,0.0,0.0
2024-08-28,FRAGILE_BOTH,1.5186,2.475,2.475
2024-08-29,STABLE,0.0,0.9423,0.9423
2024-08-30,STABLE,0.0,0.6902,0.6902
2024-09-02,STABLE,0.0,0.542,0.542
2024-09-03,FRAGILE_DIV,0.0,1.0892,1.0892
2024-09-04,FRAGILE_DIV,0.0,1.5525,1.5525
2024-09-05,FRAGILE_DIV,0.0,1.2345,1.2345
2024-09-06,STABLE,0.7677,0.8789,0.8789
2024-09-09,FRAGILE_BOTH,1.4769,1.0754,1.4769
2024-09-10,FRAGILE_DIV,0.0,1.5954,1.5954
2024-09-11,FRAGILE_DIV,0.3798,1.4075,1.4075
2024-09-12,STABLE,0.0,0.0,0.0
2024-09-13,FRAGILE_DIV,0.0,2.6455,2.6455
2024-09-16,FRAGILE_BOTH,2.4081,1.5118,2.4081
2024-09-17,STABLE,0.0,0.9112,0.9112
2024-09-18,FRAGILE_ACCEL,1.3896,0.2958,1.3896
2024-09-19,STABLE,0.0,0.6387,0.6387
2024-09-20,FRAGILE_DIV,0.0853,1.1401,1.1401
2024-09-23,STABLE,0.0,0.8327,0.8327
2024-09-24,FRAGILE_DIV,0.3678,1.5754,1.5754
2024-09-25,STABLE,0.0,0.9048,0.9048
2024-09-26,FRAGILE_DIV,0.0,1.3214,1.3214
2024-09-27,FRAGILE_DIV,0.0,2.078,2.078
2024-09-30,STABLE,0.0,0.292,0.292
2024-10-01,FRAGILE_DIV,0.0,1.9293,1.9293
2024-10-02,STABLE,0.0,0.764,0.764
2024-10-03,STABLE,0.0,0.3059,0.3059
2024-10-04,STABLE,0.0534,0.6935,0.6935
2024-10-07,FRAGILE_BOTH,1.558,1.0705,1.558
2024-10-08,FRAGILE_DIV,0.0314,1.0861,1.0861
2024-10-09,STABLE,0.0,0.8871,0.8871
2024-10-10,FRAGILE_ACCEL,1.2548,0.8041,1.2548
2024-10-11,FRAGILE_BOTH,1.2834,2.0069,2.0069
2024-10-14,FRAGILE_ACCEL,1.8911,0.3589,1.8911
2024-10-15,FRAGILE_DIV,0.6878,3.2811,3.2811
2024-10-16,STABLE,0.1442,0.0,0.1442
2024-10-17,FRAGILE_DIV,0.0,1.0649,1.0649
2024-10-18,STABLE,0.6873,0.3606,0.6873
2024-10-21,FRAGILE_BOTH,1.0466,4.3424,4.3424
2024-10-22,STABLE,0.4271,0.9244,0.9244
2024-10-23,STABLE,0.0181,0.8327,0.8327
2024-10-24,FRAGILE_ACCEL,1.4423,0.5703,1.4423
2024-10-25,STABLE,0.1217,0.7738,0.7738
2024-10-28,STABLE,0.129,0.4908,0.4908
2024-10-29,STABLE,0.1511,0.5228,0.5228
2024-10-30,FRAGILE_BOTH,1.146,1.3285,1.3285
2024-10-31,FRAGILE_DIV,0.0,1.248,1.248
2024-11-01,FRAGILE_DIV,0.0,2.2671,2.2671
2024-11-04,FRAGILE_DIV,0.0317,1.2985,1.2985
2024-11-05,STABLE,0.0,0.7122,0.7122
2024-11-06,STABLE,0.0,0.0,0.0
2024-11-07,FRAGILE_DIV,0.2319,1.5592,1.5592
2024-11-08,FRAGILE_BOTH,1.0218,1.4976,1.4976
2024-11-11,STABLE,0.0,0.0,0.0
2024-11-12,STABLE,0.022,0.7734,0.7734
2024-11-13,FRAGILE_ACCEL,1.0487,0.6844,1.0487
2024-11-14,FRAGILE_DIV,0.0,1.0044,1.0044
2024-11-15,FRAGILE_DIV,0.2089,1.0682,1.0682
2024-11-18,FRAGILE_DIV,0.0861,1.9971,1.9971
2024-11-19,STABLE,0.179,0.0,0.179
2024-11-20,STABLE,0.1845,0.1616,0.1845
2024-11-21,STABLE,0.0406,0.0,0.0406
2024-11-22,STABLE,0.0,0.7938,0.7938
2024-11-25,FRAGILE_BOTH,2.5435,1.9603,2.5435
2024-11-26,STABLE,0.0,0.7651,0.7651
2024-11-27,FRAGILE_DIV,0.0,1.1981,1.1981
2024-11-28,STABLE,0.0,0.4179,0.4179
2024-11-29,STABLE,0.0,0.0,0.0
2024-12-02,STABLE,0.8272,0.3097,0.8272
2024-12-03,STABLE,0.4247,0.1248,0.4247
2024-12-04,STABLE,0.0,0.9944,0.9944
2024-12-05,FRAGILE_BOTH,2.0638,3.7649,3.7649
2024-12-06,STABLE,0.7276,0.8954,0.8954
2024-12-09,FRAGILE_DIV,0.0,1.2771,1.2771
2024-12-10,FRAGILE_DIV,0.114,1.9139,1.9139
2024-12-11,FRAGILE_ACCEL,1.5726,0.0,1.5726
2024-12-12,STABLE,0.0,0.5332,0.5332
2024-12-13,FRAGILE_DIV,0.0,1.0799,1.0799
2024-12-16,STABLE,0.3725,0.1133,0.3725
2024-12-17,FRAGILE_DIV,0.0,1.3763,1.3763
2024-12-18,STABLE,0.0,0.5122,0.5122
2024-12-19,FRAGILE_DIV,0.0,1.6415,1.6415
2024-12-20,STABLE,0.3937,0.0,0.3937
2024-12-23,FRAGILE_DIV,0.0,1.0705,1.0705
2024-12-24,STABLE,0.0,0.7428,0.7428
2024-12-26,STABLE,0.0,0.3763,0.3763
2024-12-27,STABLE,0.0,0.9103,0.9103
2024-12-30,STABLE,0.1639,0.0,0.1639
2024-12-31,STABLE,0.0,0.9499,0.9499
2025-01-02,STABLE,0.0,0.5122,0.5122
2025-01-03,STABLE,0.0,0.5637,0.5637
2025-01-06,STABLE,0.0,0.5783,0.5783
2025-01-07,STABLE,0.0,0.6392,0.6392
2025-01-08,STABLE,0.1051,0.1973,0.1973
2025-01-10,STABLE,0.1585,0.0,0.1585
2025-01-13,STABLE,0.0,0.8116,0.8116
2025-01-14,FRAGILE_DIV,0.6231,1.0905,1.0905
2025-01-15,STABLE,0.4981,0.4532,0.4981
2025-01-16,STABLE,0.0456,0.3796,0.3796
2025-01-17,STABLE,0.3517,0.2425,0.3517
2025-01-20,FRAGILE_ACCEL,3.118,0.2136,3.118
2025-01-21,STABLE,0.0,0.4542,0.4542
2025-01-22,FRAGILE_BOTH,2.2628,1.4855,2.2628
2025-01-23,FRAGILE_DIV,0.0,1.3249,1.3249
2025-01-24,FRAGILE_ACCEL,1.475,0.5378,1.475
2025-01-27,STABLE,0.0,0.0,0.0
2025-01-28,STABLE,0.0919,0.7784,0.7784
2025-01-29,FRAGILE_DIV,0.0,2.4851,2.4851
2025-01-30,FRAGILE_DIV,0.139,1.4843,1.4843
2025-01-31,FRAGILE_DIV,0.0,1.4679,1.4679
2025-02-03,STABLE,0.0,0.7633,0.7633
2025-02-04,STABLE,0.7786,0.8503,0.8503
2025-02-05,FRAGILE_DIV,0.7426,1.1472,1.1472
2025-02-06,FRAGILE_DIV,0.0,1.0534,1.0534
2025-02-07,STABLE,0.0,0.93,0.93
2025-02-10,FRAGILE_ACCEL,1.6116,0.0,1.6116
2025-02-11,FRAGILE_DIV,0.0,1.4037,1.4037
2025-02-12,STABLE,0.4789,0.8254,0.8254
2025-02-13,STABLE,0.308,0.5435,0.5435
2025-02-14,FRAGILE_DIV,0.0,2.1455,2.1455
2025-02-17,FRAGILE_DIV,0.0,1.3379,1.3379
2025-02-18,FRAGILE_ACCEL,1.0711,0.0,1.0711
2025-02-19,FRAGILE_DIV,0.0,1.4299,1.4299
2025-02-20,FRAGILE_BOTH,1.7081,1.64,1.7081
2025-02-21,FRAGILE_DIV,0.2864,3.0445,3.0445
2025-02-24,STABLE,0.0,0.6794,0.6794
2025-02-25,STABLE,0.0715,0.3299,0.3299
2025-02-26,FRAGILE_DIV,0.0,1.1834,1.1834
2025-02-27,STABLE,0.5196,0.7138,0.7138
2025-02-28,STABLE,0.0,0.8415,0.8415
2025-03-03,STABLE,0.0,0.3801,0.3801
2025-03-04,STABLE,0.5041,0.0,0.5041
2025-03-05,STABLE,0.0342,0.0,0.0342
2025-03-06,STABLE,0.3335,0.1187,0.3335
2025-03-07,STABLE,0.3848,0.1061,0.3848
2025-03-10,STABLE,0.0,0.0,0.0
2025-03-11,STABLE,0.1912,0.0,0.1912
2025-03-12,STABLE,0.1267,0.0,0.1267
2025-03-13,STABLE,0.2573,0.0,0.2573
2025-03-14,FRAGILE_DIV,0.0,1.0252,1.0252
2025-03-17,STABLE,0.0,0.0,0.0
2025-03-18,STABLE,0.0,0.8021,0.8021
2025-03-19,STABLE,0.0077,0.0,0.0077
2025-03-20,STABLE,0.0,0.9254,0.9254
2025-03-21,FRAGILE_DIV,0.9095,1.2027,1.2027
2025-03-24,FRAGILE_DIV,0.0,1.3502,1.3502
2025-03-25,STABLE,0.5912,0.7803,0.7803
2025-03-26,FRAGILE_ACCEL,1.0666,0.9378,1.0666
2025-03-27,STABLE,0.0,0.7248,0.7248
2025-03-28,STABLE,0.0,0.7738,0.7738
2025-03-31,STABLE,0.0,0.4318,0.4318
2025-04-01,FRAGILE_DIV,0.0,2.1034,2.1034
2025-04-02,STABLE,0.0,0.8809,0.8809
2025-04-03,STABLE,0.1727,0.0,0.1727
2025-04-04,STABLE,0.2637,0.0,0.2637
2025-04-07,STABLE,0.0,0.0,0.0
2025-04-08,STABLE,0.0,0.0,0.0
2025-04-09,STABLE,0.0,0.0,0.0
2025-04-10,STABLE,0.0,0.0,0.0
2025-04-11,STABLE,0.071,0.0,0.071
2025-04-14,STABLE,0.0386,0.3486,0.3486
2025-04-15,STABLE,0.0,0.0,0.0
2025-04-16,STABLE,0.0,0.7273,0.7273
2025-04-17,STABLE,0.5441,0.0,0.5441
2025-04-21,STABLE,0.4041,0.6702,0.6702
2025-04-22,STABLE,0.0,0.0,0.0
2025-04-23,FRAGILE_DIV,0.0,1.8448,1.8448
2025-04-24,STABLE,0.0,0.0,0.0
2025-04-25,STABLE,0.0,0.5541,0.5541
2025-04-28,FRAGILE_DIV,0.0,1.1041,1.1041
2025-04-29,STABLE,0.3016,0.7312,0.7312
2025-04-30,STABLE,0.4623,0.0,0.4623
2025-05-01,FRAGILE_DIV,0.7378,2.6148,2.6148
2025-05-02,STABLE,0.0,0.0,0.0
2025-05-05,FRAGILE_ACCEL,1.3497,0.0,1.3497
2025-05-06,STABLE,0.0,0.0,0.0
2025-05-07,FRAGILE_DIV,0.0,2.9405,2.9405
2025-05-08,FRAGILE_DIV,0.2082,3.0747,3.0747
2025-05-09,STABLE,0.0,0.0,0.0
2025-05-12,STABLE,0.0,0.0,0.0
2025-05-13,STABLE,0.2469,0.0,0.2469
2025-05-14,STABLE,0.0,0.0,0.0
2025-05-15,STABLE,0.1264,0.7791,0.7791
2025-05-16,STABLE,0.0,0.0,0.0
2025-05-19,STABLE,0.0,0.0,0.0
2025-05-20,STABLE,0.0,0.1357,0.1357
2025-05-21,STABLE,0.6589,0.0,0.6589
2025-05-22,STABLE,0.0,0.0,0.0
2025-05-23,FRAGILE_BOTH,1.6264,2.2032,2.2032
2025-05-26,STABLE,0.0,0.7514,0.7514
2025-05-27,STABLE,0.0,0.0,0.0
2025-05-28,STABLE,0.0,0.0,0.0
2025-05-29,FRAGILE_BOTH,1.3797,1.1272,1.3797
2025-05-30,FRAGILE_DIV,0.9565,1.746,1.746
2025-06-02,FRAGILE_DIV,0.0,1.4589,1.4589
2025-06-03,FRAGILE_DIV,0.0,2.1553,2.1553
2025-06-04,STABLE,0.0,0.0,0.0
2025-06-05,FRAGILE_DIV,0.0,1.2293,1.2293
2025-06-06,STABLE,0.0,0.0,0.0
2025-06-09,STABLE,0.0,0.0,0.0
2025-06-10,STABLE,0.0246,0.0,0.0246
2025-06-11,STABLE,0.0,0.0,0.0
2025-06-12,FRAGILE_DIV,0.0,1.1106,1.1106
2025-06-13,STABLE,0.0,0.0,0.0
2025-06-16,FRAGILE_DIV,0.0,1.1595,1.1595
2025-06-17,STABLE,0.0,0.0,0.0
2025-06-18,FRAGILE_DIV,0.0,2.7005,2.7005
2025-06-19,STABLE,0.0,0.0,0.0
2025-06-20,STABLE,0.0,0.0,0.0
2025-06-23,STABLE,0.0,0.0,0.0
2025-06-24,STABLE,0.0,0.8093,0.8093
2025-06-25,FRAGILE_DIV,0.0,3.0338,3.0338
2025-06-26,FRAGILE_DIV,0.0,1.9071,1.9071
2025-06-27,STABLE,0.0,0.5994,0.5994
2025-06-30,STABLE,0.0,0.3219,0.3219
2025-07-01,FRAGILE_BOTH,1.2288,2.8851,2.8851
2025-07-02,STABLE,0.0,0.9832,0.9832
2025-07-03,FRAGILE_BOTH,1.5455,1.0382,1.5455
2025-07-04,STABLE,0.0,0.0,0.0
2025-07-07,STABLE,0.0,0.4026,0.4026
2025-07-08,FRAGILE_BOTH,1.0242,1.0329,1.0329
2025-07-09,FRAGILE_DIV,0.0635,1.7513,1.7513
2025-07-10,FRAGILE_DIV,0.0,1.5452,1.5452
2025-07-11,FRAGILE_DIV,0.9211,1.5862,1.5862
2025-07-14,STABLE,0.0,0.1768,0.1768
2025-07-15,STABLE,0.0261,0.3698,0.3698
2025-07-16,FRAGILE_DIV,0.0,2.1624,2.1624
2025-07-17,FRAGILE_ACCEL,1.3548,0.6786,1.3548
2025-07-18,STABLE,0.0,0.9955,0.9955
2025-07-21,FRAGILE_BOTH,1.4745,1.1582,1.4745
2025-07-22,STABLE,0.1193,0.8052,0.8052
2025-07-23,FRAGILE_ACCEL,2.7809,0.6598,2.7809
2025-07-24,FRAGILE_BOTH,1.1592,1.4153,1.4153
2025-07-25,FRAGILE_BOTH,4.307,1.485,4.307
2025-07-28,FRAGILE_DIV,0.0,1.1738,1.1738
2025-07-29,FRAGILE_ACCEL,1.9392,0.8532,1.9392
2025-07-30,FRAGILE_DIV,0.7454,1.3188,1.3188
2025-07-31,STABLE,0.0,0.0,0.0
2025-08-01,FRAGILE_DIV,0.0,1.5671,1.5671
2025-08-04,STABLE,0.0,0.0,0.0
2025-08-05,STABLE,0.0,0.3716,0.3716
2025-08-06,FRAGILE_ACCEL,2.0115,0.5115,2.0115
2025-08-07,STABLE,0.1999,0.8268,0.8268
2025-08-08,FRAGILE_DIV,0.0,1.0187,1.0187
2025-08-11,FRAGILE_ACCEL,1.182,0.8288,1.182
2025-08-12,FRAGILE_DIV,0.0,1.8367,1.8367
2025-08-13,STABLE,0.0,0.5142,0.5142
2025-08-14,STABLE,0.0761,0.0,0.0761
2025-08-15,STABLE,0.0,0.0495,0.0495
2025-08-18,FRAGILE_DIV,0.0,3.7312,3.7312
2025-08-19,STABLE,0.0,0.3428,0.3428
2025-08-20,STABLE,0.656,0.0,0.656
2025-08-21,STABLE,0.0,0.3926,0.3926
2025-08-22,STABLE,0.0,0.628,0.628
2025-09-01,FRAGILE_DIV,0.0,1.8984,1.8984
2025-09-02,STABLE,0.0,0.0281,0.0281
2025-09-03,STABLE,0.0,0.6054,0.6054
2025-09-04,FRAGILE_BOTH,3.1046,2.6024,3.1046
2025-09-05,FRAGILE_BOTH,2.3654,2.9882,2.9882
2025-09-08,FRAGILE_DIV,0.8084,1.5923,1.5923
2025-09-09,FRAGILE_BOTH,1.4915,1.5676,1.5676
2025-09-10,STABLE,0.0,0.7247,0.7247
2025-09-11,FRAGILE_DIV,0.0,2.9964,2.9964
2025-09-12,FRAGILE_DIV,0.0,1.2381,1.2381
2025-09-15,FRAGILE_ACCEL,1.7757,0.3168,1.7757
2025-09-16,STABLE,0.0509,0.7515,0.7515
2025-09-17,STABLE,0.5784,0.9675,0.9675
2025-09-18,FRAGILE_DIV,0.3391,1.3551,1.3551
2025-09-19,FRAGILE_ACCEL,1.0838,0.0445,1.0838
2025-09-22,STABLE,0.1178,0.4001,0.4001
2025-09-23,FRAGILE_DIV,0.8413,1.1296,1.1296
2025-09-24,FRAGILE_ACCEL,1.3368,0.0,1.3368
2025-09-25,STABLE,0.0694,0.2887,0.2887
2025-09-26,STABLE,0.0,0.2195,0.2195
2025-09-29,STABLE,0.0,0.3212,0.3212
2025-09-30,STABLE,0.0,0.0,0.0
2025-10-01,FRAGILE_DIV,0.0,2.3129,2.3129
2025-10-02,FRAGILE_ACCEL,1.4765,0.4003,1.4765
2025-10-03,FRAGILE_BOTH,2.8653,2.6495,2.8653
2025-10-06,STABLE,0.7304,0.8078,0.8078
2025-10-07,FRAGILE_DIV,0.0,1.6548,1.6548
2025-10-08,FRAGILE_BOTH,2.3047,1.705,2.3047
2025-10-09,FRAGILE_DIV,0.0,1.01,1.01
2025-10-10,STABLE,0.0,0.5359,0.5359
2025-10-13,STABLE,0.0,0.3939,0.3939
2025-10-14,FRAGILE_BOTH,1.627,1.3926,1.627
2025-10-15,FRAGILE_DIV,0.0,1.2473,1.2473
2025-10-16,STABLE,0.0,0.5218,0.5218
2025-10-17,STABLE,0.0,0.4978,0.4978
2025-10-20,STABLE,0.0,0.6561,0.6561
2025-10-21,STABLE,0.3645,0.0,0.3645
2025-10-22,FRAGILE_ACCEL,1.5331,0.3357,1.5331
2025-10-23,STABLE,0.0,0.707,0.707
2025-10-24,FRAGILE_DIV,0.0,1.8469,1.8469
2025-10-27,STABLE,0.9368,0.7802,0.9368
2025-10-28,STABLE,0.4884,0.9891,0.9891
2025-10-29,FRAGILE_ACCEL,1.5534,0.7027,1.5534
2025-10-30,FRAGILE_DIV,0.6059,1.3624,1.3624
2025-10-31,STABLE,0.0825,0.4682,0.4682
2025-11-03,STABLE,0.0,0.3792,0.3792
2025-11-04,STABLE,0.0,0.0978,0.0978
2025-11-05,STABLE,0.0,0.4263,0.4263
2025-11-06,FRAGILE_ACCEL,1.8012,0.367,1.8012
2025-11-07,FRAGILE_BOTH,1.4699,3.6283,3.6283
2025-11-10,FRAGILE_ACCEL,1.2206,0.2335,1.2206
2025-11-11,STABLE,0.3374,0.0,0.3374
2025-11-12,STABLE,0.4821,0.0,0.4821
2025-11-13,STABLE,0.0694,0.8218,0.8218
2025-11-14,FRAGILE_ACCEL,1.1145,0.0,1.1145
2025-11-17,FRAGILE_ACCEL,2.9171,0.5886,2.9171
2025-11-19,FRAGILE_DIV,0.0,2.2392,2.2392
2025-11-20,FRAGILE_ACCEL,1.1024,0.7654,1.1024
2025-11-21,FRAGILE_DIV,0.0,3.0967,3.0967
2025-11-24,FRAGILE_BOTH,1.7021,2.231,2.231
2025-11-25,STABLE,0.0,0.871,0.871
2025-11-26,STABLE,0.0,0.0,0.0
2025-11-27,STABLE,0.0,0.0,0.0
2025-11-28,FRAGILE_DIV,0.0,1.3128,1.3128
2025-12-01,FRAGILE_DIV,0.0,1.0858,1.0858
2025-12-02,FRAGILE_BOTH,2.3173,3.0713,3.0713
2025-12-03,STABLE,0.0431,0.4478,0.4478
2025-12-04,STABLE,0.0,0.3103,0.3103
2025-12-05,FRAGILE_DIV,0.0,3.315,3.315
2025-12-08,FRAGILE_DIV,0.0,2.0523,2.0523
2025-12-09,STABLE,0.2182,0.699,0.699
2025-12-10,FRAGILE_DIV,0.0,1.3661,1.3661
2025-12-11,STABLE,0.0,0.0,0.0
2025-12-12,FRAGILE_DIV,0.0,1.5412,1.5412
2025-12-15,STABLE,0.0,0.3345,0.3345
2025-12-16,STABLE,0.0,0.3989,0.3989
2025-12-17,STABLE,0.0,0.2106,0.2106
2025-12-18,STABLE,0.0,0.1468,0.1468
2025-12-19,STABLE,0.0,0.3231,0.3231
2025-12-22,STABLE,0.0,0.981,0.981
2025-12-23,STABLE,0.0,0.7365,0.7365
2025-12-24,FRAGILE_BOTH,1.2812,1.8112,1.8112
2025-12-26,STABLE,0.347,0.9699,0.9699
2025-12-29,FRAGILE_DIV,0.0,1.7589,1.7589
2025-12-30,FRAGILE_DIV,0.6611,1.3702,1.3702
2025-12-31,STABLE,0.0,0.8555,0.8555
2026-01-02,STABLE,0.0,0.6566,0.6566
2026-01-05,STABLE,0.0,0.9484,0.9484
2026-01-06,STABLE,0.0,0.8053,0.8053
2026-01-07,FRAGILE_DIV,0.0,1.7737,1.7737
2026-01-08,FRAGILE_DIV,0.0,1.7337,1.7337
2026-01-09,STABLE,0.552,0.5607,0.5607
2026-01-12,STABLE,0.0,0.6701,0.6701
2026-02-10,STABLE,0.0,0.3342,0.3342
2026-02-11,STABLE,0.9076,0.6734,0.9076
2026-02-12,STABLE,0.0,0.0,0.0
2026-02-13,STABLE,0.4586,0.7785,0.7785
2026-02-16,STABLE,0.0,0.0,0.0
2026-02-25,STABLE,0.0,0.0,0.0
